seed,keyword,volume,cpc,competition,intent
why is my,why is there a line on my screen,550000,0,LOW,informational
why is my,why is there a line on my computer screen,550000,0,LOW,informational
why is my,why is my macbook screen black,368000,0.01,LOW,informational
why is my,why is my laptop screen green,301000,0,LOW,informational
why is my,why is my screen pink,246000,0,LOW,informational
why is my,why is my chromebook screen glitching,246000,0,LOW,informational
why is my,why is my feces green color,165000,0.69,LOW,informational
why is my,why is the color of my poop green,165000,0.69,LOW,informational
why is my,why is my poop is green,165000,0.69,LOW,informational
why is my,why is my poop greenish,165000,0.69,LOW,informational
why is my,why is my excrement green,165000,0.69,LOW,informational
why is my,why my poop is green color,165000,0.69,LOW,informational
why is my,why is my poop green,165000,0.69,LOW,informational
why is my,why is my computer screen pink,90500,0,LOW,informational
why is my,why is my monitor pink,90500,0,LOW,informational
why is my,why is my monitor screen pink,90500,0,LOW,informational
why is my,why is my lenovo laptop not turning on,90500,1.51,LOW,informational
why is my,why is my laptop screen pink,90500,0,LOW,informational
why is my,why is my eyes twitching,74000,0.23,LOW,informational
why is my,why is my eye twitching,74000,0.23,LOW,informational
why is my,why is my eye is twitching,74000,0.23,LOW,informational
why is my,why is my eyelid twitching,74000,0.23,LOW,informational
why is my,why my eyes is twitching,74000,0.23,LOW,informational
why is my,why my eyelid is twitching,74000,0.23,LOW,informational
why is my,why is my eyelids twitching,74000,0.23,LOW,informational
why is my,why is my chromebook screen flickering,60500,0,LOW,informational
why is my,why is my screen blue,60500,0.03,LOW,informational
why is my,why is my computer blue screening,60500,0.03,LOW,informational
why is my,why is my poop is black,49500,1.61,LOW,informational
why is my,why is my husband yelling at me,49500,0,LOW,informational
why is my,why my stool is black,49500,1.61,LOW,informational
why is my,why is my stool black,49500,1.61,LOW,informational
why is my,why is there a bright spot on my phone screen,49500,0,LOW,informational
why is my,why is my poop color black,49500,1.61,LOW,informational
why is my,why is my poop black,49500,1.61,LOW,informational
why is my,why is my husband yells at me,49500,0,LOW,informational
why is my,why my poop is black,49500,1.61,LOW,informational
why is my,why is my poop dark,49500,1.61,LOW,informational
why is my,why is my chromebook screen black,40500,0,LOW,informational
why is my,why is my phone on sos,40500,0.02,LOW,informational
why is my,why is my urine murky,40500,2.35,LOW,informational
why is my,why my urine is cloudy,40500,2.35,LOW,informational
why is my,why is my urine cloudy,40500,2.35,LOW,informational
why is my,why is my pee cloudy,40500,2.35,LOW,informational
why is my,why is my screen orange,33100,0,LOW,informational
why is my,why is my monitor green,33100,0,LOW,informational
why is my,why is my wife yelling at me,33100,0,LOW,informational
why is my,why is my screen green,33100,0,LOW,informational
why is my,why is my pc screen green,33100,0,LOW,informational
why is my,why is there a black line on my computer screen,33100,0,LOW,informational
why is my,why is my computer screen green,33100,0,LOW,informational
why is my,my tongue is white why,27100,0.27,LOW,informational
why is my,why is my tongue white,27100,0.27,LOW,informational
why is my,why is my computer screen tinted blue,27100,0,LOW,informational
why is my,why is my computer screen blue tint,27100,0,LOW,informational
why is my,why is my to tongue white,27100,0.27,LOW,informational
why is my,why is my screen tinted blue,27100,0,LOW,informational
why is my,why is my screen yellowish,27100,0,LOW,informational
why is my,why is my tongue whitish,27100,0.27,LOW,informational
why is my,why is there a line on my phone screen,27100,0,LOW,informational
why is my,why my tongue is white,27100,0.27,LOW,informational
why is my,why is my screen yellow,27100,0,LOW,informational
why is my,why is my tongue is white,27100,0.27,LOW,informational
why is my,why is my screen blue tint,27100,0,LOW,informational
why is my,why is my phone is not charging,22200,0.64,LOW,informational
why is my,why is my period is late,22200,0.38,LOW,informational
why is my,why is my periods late,22200,0.38,LOW,informational
why is my,why is my menstruation late,22200,0.38,LOW,informational
why is my,why my period is late,22200,0.38,LOW,informational
why is my,why is my phone not charging,22200,0.64,LOW,informational
why is my,why is my period missed,22200,0.38,LOW,informational
why is my,why is there a black line on my macbook screen,22200,0,LOW,informational
why is my,why is my period missing,22200,0.38,LOW,informational
why is my,why is my period late,22200,0.38,LOW,informational
why is my,why my phone is not charging,22200,0.64,LOW,informational
why is my,why is there lines on my laptop screen,22200,0,LOW,informational
why is my,my period is late why,22200,0.38,LOW,informational
why is my,why is my tooth aching,18100,2.78,LOW,informational
why is my,why is my discharge brown,18100,0.54,LOW,informational
why is my,why is my teeth aching,18100,2.78,LOW,informational
why is my,why my discharge is brown,18100,0.54,LOW,informational
why is my,why is my urine neon yellow,18100,4.39,LOW,informational
why is my,why is my ear buzzing,18100,0.96,LOW,informational
why is my,why is my period blood brown,18100,0.07,LOW,informational
why is my,why is my pee neon yellow,18100,4.39,LOW,informational
why is my,why when my period is on the blood is brown,18100,0.07,LOW,informational
why is my,why is there a black line on my laptop screen,18100,0,LOW,informational
why is my,why is my laptop glitching,18100,2.32,LOW,informational
why is my,why my hair is thinning out,14800,2.55,MEDIUM,informational
why is my,why is the screen black on my laptop,14800,0.03,LOW,informational
why is my,my dog is eating grass why,14800,0.98,LOW,informational
why is my,why is my dog eating grass,14800,0.98,LOW,informational
why is my,why my eye is red,14800,1.98,LOW,informational
why is my,why is my eye red,14800,1.98,LOW,informational
why is my,why my laptop screen is blank,14800,0.03,LOW,informational
why is my,why is my hair falling,14800,2.55,MEDIUM,informational
why is my,why my laptop is black screen,14800,0.03,LOW,informational
why is my,why is the screen on my laptop black,14800,0.03,LOW,informational
why is my,why my dog is eating grass,14800,0.98,LOW,informational
why is my,why is my eyelids swollen,14800,2.91,LOW,informational
why is my,why is my eyes swelling,14800,2.91,LOW,informational
why is my,my dog is shaking why,14800,1.78,LOW,informational
why is my,why my laptop screen is black,14800,0.03,LOW,informational
why is my,why my dog is shaking,14800,1.78,LOW,informational
why is my,why is my,14800,0,LOW,informational
why is my,why my phone is glitching,14800,0,LOW,informational
why is my,why is my feet always cold,14800,0.31,LOW,informational
why is my,why is my eyeball swollen,14800,2.91,LOW,informational
why is my,why is my hair is falling out,14800,2.55,MEDIUM,informational
why is my,why is my laptop screen black,14800,0.03,LOW,informational
why is my,why is my dog quivering,14800,1.78,LOW,informational
why is my,why my hair is falling,14800,2.55,MEDIUM,informational
why is my,why the screen of my laptop is black,14800,0.03,LOW,informational
why is my,why is screen black on my laptop,14800,0.03,LOW,informational
why is my,why is my hairline falling out,14800,2.55,MEDIUM,informational
why is my,why is my hair thinning out,14800,2.55,MEDIUM,informational
why is my,why is my dog trembling and shaking,14800,1.78,LOW,informational
why is my,why is my eye reddish,14800,1.98,LOW,informational
why is my,why is my chromebook glitching,14800,0,LOW,informational
why is my,why my eyelid is swollen,14800,2.91,LOW,informational
why is my,my hair is falling out why,14800,2.55,MEDIUM,informational
why is my,why is my hair falling out,14800,2.55,MEDIUM,informational
why is my,why is my hair falling off,14800,2.55,MEDIUM,informational
why is my,why is my nipple sore,14800,0.69,LOW,informational
why is my,why is my screen black on my laptop,14800,0.03,LOW,informational
why is my,why is my eyes swollen,14800,2.91,LOW,informational
why is my,why my hair is falling out,14800,2.55,MEDIUM,informational
why is my,why is my phone in sos mode,14800,0.02,LOW,informational
why is my,why is my laptop black screen,14800,0.03,LOW,informational
why is my,why is there a purple light on my iphone,14800,0,LOW,informational
why is my,why is my dog is shaking,14800,1.78,LOW,informational
why is my,why is my pc running slow,12100,4.06,LOW,informational
why is my,why is my stomach hurts,12100,4.74,LOW,informational
why is my,why is my face id not working,12100,0.31,LOW,informational
why is my,why is my computer very slow,12100,4.06,LOW,informational
why is my,why is my my computer so slow,12100,4.06,LOW,informational
why is my,why is my abdomen hurting,12100,4.74,LOW,informational
why is my,why my computer is very slow,12100,4.06,LOW,informational
why is my,why my computer is so slow,12100,4.06,LOW,informational
why is my,why is my pc running slowly,12100,4.06,LOW,informational
why is my,why is there blood in my poop,12100,3.4,LOW,informational
why is my,my computer is running slow why,12100,4.06,LOW,informational
why is my,why is my computer so slow,12100,4.06,LOW,informational
why is my,why is my pee foamy,12100,0.79,LOW,informational
why is my,why is my phone so slow,12100,3.66,LOW,informational
why is my,why my poop is dark green,12100,0.34,LOW,informational
why is my,why is my poop greeny black,12100,0.34,LOW,informational
why is my,why my stomach is painful,12100,4.74,LOW,informational
why is my,why is my stomach aching,12100,4.74,LOW,informational
why is my,why is my discharge yellow,12100,1.52,LOW,informational
why is my,why is there blood in my stool,12100,3.4,LOW,informational
why is my,why is my ankle swollen,12100,0.6,LOW,informational
why is my,why my left eye is twitching,12100,0.93,LOW,informational
why is my,why is my left eye twitching,12100,0.93,LOW,informational
why is my,why is my poop black and green,12100,0.34,LOW,informational
why is my,why is my phone so laggy,12100,3.66,LOW,informational
why is my,why my foot is swollen,12100,0.97,LOW,informational
why is my,why is my computer extremely slow,12100,4.06,LOW,informational
why is my,why my phone is so slow,12100,3.66,LOW,informational
why is my,why is my stomach hurting,12100,4.74,LOW,informational
why is my,why is my poop greenish black,12100,0.34,LOW,informational
why is my,why is my urine foaming,12100,0.79,LOW,informational
why is my,why is my pc running slower,12100,4.06,LOW,informational
why is my,why is my eye twitching so much,12100,0.64,LOW,informational
why is my,why is my poop dark.green,12100,0.34,LOW,informational
why is my,why is my urine frothy,12100,0.79,LOW,informational
why is my,why is my stomach sore,12100,4.74,LOW,informational
why is my,why my stomach is aching,12100,4.74,LOW,informational
why is my,why is my poop green black,12100,0.34,LOW,informational
why is my,why my urine is foamy,12100,0.79,LOW,informational
why is my,why my stomach is pain,12100,4.74,LOW,informational
why is my,why is my poop yellow,12100,0.82,LOW,informational
why is my,why my stomach is paining,12100,4.74,LOW,informational
why is my,why my laptop is not opening,12100,0,LOW,informational
why is my,why is my computer really slow,12100,4.06,LOW,informational
why is my,why is my poop dark green,12100,0.34,LOW,informational
why is my,why my pc is very slow,12100,4.06,LOW,informational
why is my,why is my urine foamy,12100,0.79,LOW,informational
why is my,why is my foot swollen,12100,0.97,LOW,informational
why is my,why is my computer is so slow,12100,4.06,LOW,informational
why is my,why do i feel my ear is clogged,12100,0.22,LOW,informational
why is my,why is my left ear ringing spiritual,9900,0,LOW,informational
why is my,why my urine is orange,9900,0.43,LOW,informational
why is my,why is my internet too slow,9900,6.75,LOW,informational
why is my,why my iphone is not charging,9900,0.08,LOW,informational
why is my,why my internet is so slow,9900,6.75,LOW,informational
why is my,why is my pee green,9900,0.06,LOW,informational
why is my,why is my urine orange,9900,0.43,LOW,informational
why is my,why is there a square on my screen,9900,0,LOW,informational
why is my,my check engine light is on why,9900,1.38,LOW,informational
why is my,why is my iphone getting hot,9900,1.2,LOW,informational
why is my,why is my heart beating so fast,9900,3.04,LOW,informational
why is my,why my iphone is hot,9900,1.2,LOW,informational
why is my,why my dog is panting so much,9900,0.97,LOW,informational
why is my,why is my phone not charging iphone,9900,0.08,LOW,informational
why is my,why is my scalp so itchy,9900,1.04,MEDIUM,informational
why is my,why my right eye is flickering,9900,0.5,LOW,informational
why is my,why is my check engine light on,9900,1.38,LOW,informational
why is my,why is my gum swollen,9900,1.62,LOW,informational
why is my,why is my urine orange in colour,9900,0.43,LOW,informational
why is my,why is my right eyelid twitching,9900,0.5,LOW,informational
why is my,why is my pee bright yellow,9900,0.73,LOW,informational
why is my,why is my alarm so quiet,9900,0,LOW,informational
why is my,why is my urine luminous yellow,9900,0.73,LOW,informational
why is my,why my urine is bright yellow,9900,0.73,LOW,informational
why is my,why is my engine light on,9900,1.38,LOW,informational
why is my,why is my dog panting.so much,9900,0.97,LOW,informational
why is my,why is my sperm yellow,9900,0.04,LOW,informational
why is my,why my scalp is very itchy,9900,1.04,MEDIUM,informational
why is my,why is my internet so slow,9900,6.75,LOW,informational
why is my,why is my butt itchy,9900,0.06,LOW,informational
why is my,why is my phone not charging/ iphone,9900,0.08,LOW,informational
why is my,why is my urine bright yellow,9900,0.73,LOW,informational
why is my,why my engine light is on,9900,1.38,LOW,informational
why is my,why is my pee orange,9900,0.43,LOW,informational
why is my,why is my gum swelling up,9900,1.62,LOW,informational
why is my,why is the color of my urine orange,9900,0.43,LOW,informational
why is my,why is my right eye twitching,9900,0.5,LOW,informational
why is my,why my check engine light is on,9900,1.38,LOW,informational
why is my,why is my stomach making noise,9900,1.47,LOW,informational
why is my,why my iphone is getting hot,9900,1.2,LOW,informational
why is my,why is my pee greenish,9900,0.06,LOW,informational
why is my,why is my urine green,9900,0.06,LOW,informational
why is my,why is my iphone not charging,9900,0.08,LOW,informational
why is my,why is my dog panting so much,9900,0.97,LOW,informational
why is my,why is my internet so laggy,9900,6.75,LOW,informational
why is my,why is my iphone hot,9900,1.2,LOW,informational
why is my,why is my heart rate so fast,9900,3.04,LOW,informational
why is my,why is my fire detector beeping,8100,0.1,LOW,informational
why is my,why is my cat puking,8100,1.18,MEDIUM,informational
why is my,why is there a purple line on my iphone,8100,0,LOW,informational
why is my,why my dog is vomiting yellow,8100,1.37,LOW,informational
why is my,why is my fire alarm beeping,8100,0.1,LOW,informational
why is my,why is my period blood black,8100,0.05,LOW,informational
why is my,why is my blood black on my period,8100,0.05,LOW,informational
why is my,why is my kitty throwing up,8100,1.18,MEDIUM,informational
why is my,why is my stool green,8100,0.6,LOW,informational
why is my,why is my smoke alarm beeping,8100,0.1,LOW,informational
why is my,why is my toe nail yellow,8100,0.51,LOW,informational
why is my,why my cat is vomiting,8100,1.18,MEDIUM,informational
why is my,why is my phone hot,8100,2.24,LOW,informational
why is my,why is my hotspot not working,8100,0.1,LOW,informational
why is my,why is my ipad not charging,8100,0.27,LOW,informational
why is my,why is my monitor flickering,8100,0.53,LOW,informational
why is my,why is my dog vomiting yellow,8100,1.37,LOW,informational
why is my,why is my feet peeling,8100,0.41,LOW,informational
why is my,why my cat is puking,8100,1.18,MEDIUM,informational
why is my,why is my cat barfing,8100,1.18,MEDIUM,informational
why is my,why is my butt bleeding,8100,2.03,LOW,informational
why is my,why is my pee clear,8100,2.14,LOW,informational
why is my,why my ipad is not charging,8100,0.27,LOW,informational
why is my,why my poop is orange,8100,2.92,LOW,informational
why is my,why my mouth is so dry,8100,1.93,LOW,informational
why is my,why my bum is bleeding,8100,2.03,LOW,informational
why is my,why is my foot peeling,8100,0.41,LOW,informational
why is my,my urine is clear why,8100,2.14,LOW,informational
why is my,why is my computer monitor flickering,8100,0.53,LOW,informational
why is my,why is my dog being sick yellow,8100,1.37,LOW,informational
why is my,why is my cat throwing up,8100,1.18,MEDIUM,informational
why is my,if our love is tragedy why are you my remedy,8100,0,LOW,informational
why is my,why is my urine clear,8100,2.14,LOW,informational
why is my,why is my smoke detector beeping,8100,0.1,LOW,informational
why is my,why is my poop red,8100,1.88,LOW,informational
why is my,if our love is tragedy why are you my clarity,8100,0,LOW,informational
why is my,why is my snapchat black,8100,0,LOW,informational
why is my,why is my skin peeling on my hands,8100,4.02,LOW,informational
why is my,why is my skin peeling on my fingers,8100,1.48,LOW,informational
why is my,why is my smoke alarm chirping,8100,0.1,LOW,informational
why is my,why is my dog throwing up yellow,8100,1.37,LOW,informational
why is my,why my hotspot is not working,8100,0.1,LOW,informational
why is my,why my dog is throwing up yellow,8100,1.37,LOW,informational
why is my,why is my mouth so dry,8100,1.93,LOW,informational
why is my,why is my toenail yellowish,8100,0.51,LOW,informational
why is my,why is my poop.orange,8100,2.92,LOW,informational
why is my,why my urine is clear,8100,2.14,LOW,informational
why is my,why is my pee so clear,8100,2.14,LOW,informational
why is my,why is my computer screen flickering,8100,0.53,LOW,informational
why is my,why is my battery drain so fast,8100,2.05,LOW,informational
why is my,why is my alarm so quiet iphone,8100,0,LOW,informational
why is my,why is my dogs vomit yellow,8100,1.37,LOW,informational
why is my,why my cat is throwing up,8100,1.18,MEDIUM,informational
why is my,why is my period black,8100,0.05,LOW,informational
why is my,why is my dog puking yellow,8100,1.37,LOW,informational
why is my,why is my chromebook so slow,8100,8.72,LOW,informational
why is my,why is my dogs throw up yellow,8100,1.37,LOW,informational
why is my,why my stool is green,8100,0.6,LOW,informational
why is my,why is my screen flickering,8100,0.53,LOW,informational
why is my,why is my battery draining so fast,8100,2.05,LOW,informational
why is my,why is my fire alarm chirping,8100,0.1,LOW,informational
why is my,why is my screen flashing,8100,0.53,LOW,informational
why is my,why is my bus driver playing mitski,8100,0,LOW,informational
why is my,why is my mucus yellow,8100,2.06,LOW,informational
why is my,why is my phone so hot,8100,2.05,LOW,informational
why is my,why is my finger skin peeling,8100,1.48,LOW,informational
why is my,why is my poop orange,8100,2.92,LOW,informational
why is my,why my battery is draining so fast,8100,2.05,LOW,informational
why is my,why is my youtube not working,8100,0.7,LOW,informational
why is my,why is my snot yellow,8100,2.06,LOW,informational
why is my,why is my phone warm,8100,2.24,LOW,informational
why is my,why is my computer screen blinking,8100,0.53,LOW,informational
why is my,why is my toenail yellow,8100,0.51,LOW,informational
why is my,why is my cat being sick,8100,1.18,MEDIUM,informational
why is my,why my phone is hot,8100,2.24,LOW,informational
why is my,why is there a white spot on my laptop screen,8100,0,LOW,informational
why is my,why my mucus is yellow,8100,2.06,LOW,informational
why is my,why is my hairline thinning,6600,3.77,MEDIUM,informational
why is my,why is my phone getting so hot,6600,2.29,LOW,informational
why is my,why is my dogs eye red,6600,2,LOW,informational
why is my,why is my eye yellowish,6600,2,LOW,informational
why is my,why is my electric bill.so high,6600,6.47,LOW,informational
why is my,why is my right ear ringing spiritual,6600,2.98,LOW,informational
why is my,why my car is overheating,6600,0.17,LOW,informational
why is my,why is my cat drooling,6600,0.85,LOW,informational
why is my,why is my hair thinning,6600,3.77,MEDIUM,informational
why is my,why my bp is high in the morning,6600,3.28,LOW,informational
why is my,why is my cat yowling so much,6600,0.65,LOW,informational
why is my,why is my blood pressure high,6600,2.35,LOW,informational
why is my,my cat is drooling why,6600,0.85,LOW,informational
why is my,why is my cat meow so much,6600,0.65,LOW,informational
why is my,why my energy bill is so high,6600,6.47,LOW,informational
why is my,why is my phone charging slowly,6600,0.36,LOW,informational
why is my,why is my air conditioning unit not blowing cold air,6600,14.01,LOW,informational
why is my,why is my breast itchy,6600,1.2,LOW,informational
why is my,why is my underarms itchy,6600,0.71,LOW,informational
why is my,why is my electricity bill so high,6600,6.47,LOW,informational
why is my,why is my eye yellow,6600,2,LOW,informational
why is my,why my cat is drooling,6600,0.85,LOW,informational
why is my,why is my snot green,6600,0.88,LOW,informational
why is my,why is my hair thinner,6600,3.77,MEDIUM,informational
why is my,why is my cat meowing so.much,6600,0.65,LOW,informational
why is my,why is my dog eye red,6600,2,LOW,informational
why is my,why is my ac not blowing cold air,6600,14.01,LOW,informational
why is my,why my dogs eye is red,6600,2,LOW,informational
why is my,why is my car heating up,6600,0.17,LOW,informational
why is my,why is my poop so dark,6600,0.71,LOW,informational
why is my,why is my underarm itchy,6600,0.71,LOW,informational
why is my,why is my car running hot,6600,0.17,LOW,informational
why is my,why is my poop.bright green,6600,0.19,LOW,informational
why is my,why is my car shuddering,6600,2.47,LOW,informational
why is my,why is my phone charging slower,6600,0.36,LOW,informational
why is my,why is my cat slobbering,6600,0.85,LOW,informational
why is my,why my phone is getting hot,6600,2.29,LOW,informational
why is my,why my skin is very itchy,6600,3.19,LOW,informational
why is my,why my air conditioner is not blowing cold air,6600,14.01,LOW,informational
why is my,why is my macbook screen flickering,6600,0,LOW,informational
why is my,why is my hair thin,6600,3.77,MEDIUM,informational
why is my,why my dog eye is red,6600,2,LOW,informational
why is my,why the tip of my finger is numb,6600,1.8,LOW,informational
why is my,why is my energy bill so high,6600,6.47,LOW,informational
why is my,why my cat is sneezing,6600,0.93,LOW,informational
why is my,why is my dogs eyes red,6600,2,LOW,informational
why is my,why is my cat salivating,6600,0.85,LOW,informational
why is my,why is my finger tip numb,6600,1.8,LOW,informational
why is my,why my power bill is so high,6600,6.47,LOW,informational
why is my,why my phone is charging slowly,6600,0.36,LOW,informational
why is my,why my car is shaking,6600,2.47,LOW,informational
why is my,why my electric bill is so high,6600,6.47,LOW,informational
why is my,why is my skin so itchy,6600,3.19,LOW,informational
why is my,why is my ac not blowing cold,6600,14.01,LOW,informational
why is my,why is my skin is so itchy,6600,3.19,LOW,informational
why is my,why is my dog eyes red,6600,2,LOW,informational
why is my,why is my kitty sneezing,6600,0.93,LOW,informational
why is my,why my tongue is black,6600,0,LOW,informational
why is my,why my nose is bleeding,6600,0.1,LOW,informational
why is my,why is my air conditioner not blowing cold air,6600,14.01,LOW,informational
why is my,why is my skin extremely itchy,6600,3.19,LOW,informational
why is my,why is tip of my finger numb,6600,1.8,LOW,informational
why is my,why my dog eyes is red,6600,2,LOW,informational
why is my,why is my dog's eyes red,6600,2,LOW,informational
why is my,why my electricity bill is so high,6600,6.47,LOW,informational
why is my,why my laptop is not starting,6600,0.38,LOW,informational
why is my,why my ac is not blowing cold air,6600,14.01,LOW,informational
why is my,why is my car overheating,6600,0.17,LOW,informational
why is my,why my cat is meowing so much,6600,0.65,LOW,informational
why is my,why is my phlegm green,6600,0.88,LOW,informational
why is my,my cat is sneezing why,6600,0.93,LOW,informational
why is my,why my skin is so itchy,6600,3.19,LOW,informational
why is my,why is my eye itchy,6600,3.13,LOW,informational
why is my,why is my electric bill so high,6600,6.47,LOW,informational
why is my,why my car is running hot,6600,0.17,LOW,informational
why is my,why is my cat meowing so much,6600,0.65,LOW,informational
why is my,why is my dog pooping blood,6600,2.13,LOW,informational
why is my,why is my dog's eye red,6600,2,LOW,informational
why is my,why is my mac screen flickering,6600,0,LOW,informational
why is my,why is my phone charging slow,6600,0.36,LOW,informational
why is my,why is my poop bright green,6600,0.19,LOW,informational
why is my,why is my pee dark yellow,6600,1.08,LOW,informational
why is my,why is my mucus green,6600,0.88,LOW,informational
why is my,why is my cat sneezing so much,6600,1.14,LOW,informational
why is my,why is my cat sneezing,6600,0.93,LOW,informational
why is my,why my urine is dark yellow,6600,1.08,LOW,informational
why is my,why is my phone getting hot,6600,2.29,LOW,informational
why is my,why is my tongue yellow,6600,0.02,LOW,informational
why is my,why is my urine dark yellow,6600,1.08,LOW,informational
why is my,why my apple pay is not working,6600,3.82,LOW,informational
why is my,why is my eyeball so itchy,6600,3.13,LOW,informational
why is my,why is my car trembling,6600,2.47,LOW,informational
why is my,why is my ac unit not blowing cold air,6600,14.01,LOW,informational
why is my,why my dog is pooping blood,6600,2.13,LOW,informational
why is my,why is my eyes itchy,6600,3.13,LOW,informational
why is my,why is my eyeball itchy,6600,3.13,LOW,informational
why is my,why is my apple pay not working,6600,3.82,LOW,informational
why is my,why is my car shaking,6600,2.47,LOW,informational
why is my,why is my poop neon green,6600,0.19,LOW,informational
why is my,why is the tip of my finger numb,6600,1.8,LOW,informational
why is my,why my bp is high,6600,2.35,LOW,informational
why is my,why is my power bill so high,6600,6.47,LOW,informational
why is my,why is my dog's eyeball red,6600,2,LOW,informational
why is my,why is my phone slow charging,6600,0.36,LOW,informational
why is my,why is my dog pooping out blood,6600,2.13,LOW,informational
why is my,why is my tongue black,6600,0,LOW,informational
why is my,why is my nose bleeding,6600,0.1,LOW,informational
why is my,why is my battery on iphone yellow,5400,0.01,LOW,informational
why is my,why is my dog licking his paw,5400,1.62,HIGH,informational
why is my,why is my laptop not turning on,5400,0.33,LOW,informational
why is my,why is my stomach so bloated,5400,1.96,MEDIUM,informational
why is my,why my laptop is not turning on,5400,0.33,LOW,informational
why is my,why is my check engine light flashing,5400,0.93,LOW,informational
why is my,why is my printer offline,5400,4.98,LOW,informational
why is my,why on my iphone is the battery yellow,5400,0.01,LOW,informational
why is my,why is my computer screen blue,5400,0.09,LOW,informational
why is my,why the battery on my iphone is yellow,5400,0.01,LOW,informational
why is my,why is my car air conditioner not blowing cold air,5400,3.57,LOW,informational
why is my,why is my poop water,5400,2.93,LOW,informational
why is my,why is my gums bleeding,5400,1.27,LOW,informational
why is my,why is my keyboard not responding,5400,1.22,LOW,informational
why is my,why is my head so itchy,5400,1.83,LOW,informational
why is my,why is my keyboard not working,5400,1.22,LOW,informational
why is my,why is my mac so slow,5400,2.05,LOW,informational
why is my,why is my nose always stuffy,5400,5.25,LOW,informational
why is my,why is my internet not.working,5400,7.33,LOW,informational
why is my,why is my period very heavy,5400,1.15,LOW,informational
why is my,why is my period really heavy,5400,1.15,LOW,informational
why is my,why my check engine light is blinking,5400,0.93,LOW,informational
why is my,why is my belly so.bloated,5400,1.96,MEDIUM,informational
why is my,why is my phone overheating,5400,2.12,LOW,informational
why is my,why my iphone battery is yellow,5400,0.01,LOW,informational
why is my,why is my phone dying so fast,5400,3.63,LOW,informational
why is my,why is my period flow so heavy,5400,1.15,LOW,informational
why is my,why is my laptop not switching on,5400,0.33,LOW,informational
why is my,why is my wifi not working,5400,10.28,LOW,informational
why is my,why my stool is watery,5400,2.93,LOW,informational
why is my,why is my scalp itchy,5400,1.2,LOW,informational
why is my,why is my dog licking his feet,5400,1.62,HIGH,informational
why is my,why is my dog puking,5400,1.27,MEDIUM,informational
why is my,why is my monitor blue,5400,0.09,LOW,informational
why is my,why is my laptop screen blurry,5400,0,LOW,informational
why is my,why my printer is offline,5400,4.98,LOW,informational
why is my,why is my muscle twitching,5400,2.34,LOW,informational
why is my,why is my dog lick his paws,5400,1.62,HIGH,informational
why is my,why is my mac computer so slow,5400,2.05,LOW,informational
why is my,why is my laptop screen fuzzy,5400,0,LOW,informational
why is my,why is my phone not ringing,5400,0.58,LOW,informational
why is my,why is my car shaking while driving,5400,0.37,LOW,informational
why is my,why is my dog being sick,5400,1.27,MEDIUM,informational
why is my,my printer is offline why,5400,4.98,LOW,informational
why is my,why is my throat sore,5400,0.43,LOW,informational
why is my,why is my phone saying sos,5400,0.5,LOW,informational
why is my,why is my dog licking his paws,5400,1.62,HIGH,informational
why is my,why is my muscle spazzing,5400,2.34,LOW,informational
why is my,why is my monitor screen blue,5400,0.09,LOW,informational
why is my,why is my dog throwing up,5400,1.27,MEDIUM,informational
why is my,why is my sperm clear,5400,0,LOW,informational
why is my,why my internet is not working,5400,7.33,LOW,informational
why is my,why is my engine light flashing,5400,0.93,LOW,informational
why is my,why is my period so heavy,5400,1.15,LOW,informational
why is my,why is my urine so yellow,5400,1.63,LOW,informational
why is my,why is my car aircon not blowing cold air,5400,3.57,LOW,informational
why is my,why my iphone is not ringing,5400,0.14,LOW,informational
why is my,why is my macbook so slow,5400,2.05,LOW,informational
why is my,why is my periods so heavy,5400,1.15,LOW,informational
why is my,why my period is so heavy,5400,1.15,LOW,informational
why is my,why is my stomach cramping,5400,6.49,LOW,informational
why is my,why my scalp is itchy,5400,1.2,LOW,informational
why is my,why is my hands and feet always cold,5400,1.59,LOW,informational
why is my,why is my car a/c not blowing cold air,5400,3.57,LOW,informational
why is my,why my urine is so yellow,5400,1.63,LOW,informational
why is my,why is my period extremely heavy,5400,1.15,LOW,informational
why is my,why is my feet and hands always cold,5400,1.59,LOW,informational
why is my,why is my throat itchy,5400,2.55,LOW,informational
why is my,why is my poop green and my stomach hurts,5400,7.7,LOW,informational
why is my,why is my poop watery,5400,2.93,LOW,informational
why is my,why is my computer keyboard not working,5400,1.22,LOW,informational
why is my,why my phone is not ringing,5400,0.58,LOW,informational
why is my,why my wireless internet is not working,5400,10.28,LOW,informational
why is my,why is my car shaking when i drive,5400,0.37,LOW,informational
why is my,why is my head itchy,5400,1.2,LOW,informational
why is my,why is my battery yellow on my iphone,5400,0.01,LOW,informational
why is my,why is the battery on my iphone yellow,5400,0.01,LOW,informational
why is my,why is my iphone not ringing,5400,0.14,LOW,informational
why is my,why my bp is low,5400,0.56,LOW,informational
why is my,why my dog is vomiting,5400,1.27,MEDIUM,informational
why is my,why is my dog eating poop,5400,0.72,MEDIUM,informational
why is my,why my pee is so yellow,5400,1.63,LOW,informational
why is my,why is my discharge white and creamy,5400,0.96,LOW,informational
why is my,why is there so many flies in my house,5400,0.25,LOW,informational
why is my,why is my car shaking when driving,5400,0.37,LOW,informational
why is my,why is my iphone battery yellow,5400,0.01,LOW,informational
why is my,why is my menstrual flow so heavy,5400,1.15,LOW,informational
why is my,why my head is itchy,5400,1.2,LOW,informational
why is my,why is my car ac not blowing cold air,5400,3.57,LOW,informational
why is my,why is my throat so dry,5400,0.91,LOW,informational
why is my,why my dog is licking his paws,5400,1.62,HIGH,informational
why is my,why is my pee so yellow,5400,1.63,LOW,informational
why is my,why my computer keyboard is not working,5400,1.22,LOW,informational
why is my,why is my printer.offline,5400,4.98,LOW,informational
why is my,why is my poop floating,5400,2.54,LOW,informational
why is my,why is my battery yellow iphone,5400,0.01,LOW,informational
why is my,why my phone is overheating,5400,2.12,LOW,informational
why is my,why is my gum bleeding,5400,1.27,LOW,informational
why is my,why is my internet not working,5400,7.33,LOW,informational
why is my,why is my stomach extremely bloated,5400,1.96,MEDIUM,informational
why is my,why is my engine light blinking,5400,0.93,LOW,informational
why is my,why my dog is throwing up,5400,1.27,MEDIUM,informational
why is my,why is my discharge greenish,4400,1.02,LOW,informational
why is my,why is my cat pooping outside of the litter box,4400,1.03,MEDIUM,informational
why is my,why is my head so itchy at night,4400,1.9,LOW,informational
why is my,why is my gas so smelly,4400,0.24,LOW,informational
why is my,why is my fart so smelly,4400,0.24,LOW,informational
why is my,why is my ac unit dripping water,4400,5.19,LOW,informational
why is my,why is my muscle twitching in my arm,4400,2.28,LOW,informational
why is my,why is my apple watch not charging,4400,0,LOW,informational
why is my,why is my skin peeling,4400,2.93,LOW,informational
why is my,why is my lip twitching,4400,5.84,LOW,informational
why is my,why is my ac leaking water,4400,5.19,LOW,informational
why is my,why my laptop screen is white,4400,0,LOW,informational
why is my,why is my laptop so lag,4400,3.18,LOW,informational
why is my,why is the bottom of my foot peeling,4400,0.24,LOW,informational
why is my,why is my knee hurt,4400,3.82,LOW,informational
why is my,why is my finger swollen,4400,1.28,LOW,informational
why is my,why is my face id not working on my iphone,4400,0.41,LOW,informational
why is my,why my tax refund is taking so long,4400,7.94,LOW,informational
why is my,why my laptop is very slow,4400,3.18,LOW,informational
why is my,why is my call going straight to voicemail,4400,0.25,LOW,informational
why is my,why is my aircon dripping water,4400,5.19,LOW,informational
why is my,why is my pupil so big,4400,0,LOW,informational
why is my,why is my hand tingling,4400,3.03,LOW,informational
why is my,why is my nespresso blinking red,4400,0.02,LOW,informational
why is my,why my steering wheel is shaking,4400,0.71,LOW,informational
why is my,why is my dog drinking so much water,4400,0.45,LOW,informational
why is my,why is my air conditioner dripping water,4400,5.19,LOW,informational
why is my,why my eyes is so itchy,4400,4.93,LOW,informational
why is my,why is my laptop very slow,4400,3.18,LOW,informational
why is my,why is my nail black,4400,0.11,LOW,informational
why is my,why my cellular data is not working,4400,2.33,LOW,informational
why is my,why my air conditioner is leaking water,4400,5.19,LOW,informational
why is my,why my dog is drinking so much water,4400,0.45,LOW,informational
why is my,why my phone youtube is not working,4400,0,LOW,informational
why is my,why is my arm spasming,4400,2.28,LOW,informational
why is my,why is my pee cloudy female,4400,2,LOW,informational
why is my,why is my notebook so slow,4400,3.18,LOW,informational
why is my,why is my screen white on my laptop,4400,0,LOW,informational
why is my,why is my arm muscle twitching,4400,2.28,LOW,informational
why is my,why is my nipple sore to the touch,4400,0.83,LOW,informational
why is my,why is my throw up yellow,4400,0,LOW,informational
why is my,why is my chest aching,4400,1.82,LOW,informational
why is my,why is my vomit yellow,4400,0,LOW,informational
why is my,why my hair is falling out so much,4400,2.6,MEDIUM,informational
why is my,why my iphone battery is draining so quickly,4400,0.79,LOW,informational
why is my,why is my diarrhea green,4400,0.58,LOW,informational
why is my,why is my poop blue,4400,0.04,LOW,informational
why is my,why is my steering wheel shaking,4400,0.71,LOW,informational
why is my,why is my hair so staticky,4400,0.3,LOW,informational
why is my,why is my battery draining so fast iphone,4400,0.79,LOW,informational
why is my,why is my iphone battery draining so fast,4400,0.79,LOW,informational
why is my,why my stool is dark brown,4400,2.89,LOW,informational
why is my,why my iphone battery is draining so fast,4400,0.79,LOW,informational
why is my,why is my hr so high,4400,0.65,LOW,informational
why is my,why is my cat pooping out of the litter box,4400,1.03,MEDIUM,informational
why is my,why my ac is leaking water,4400,5.19,LOW,informational
why is my,why is there a black box on my computer screen,4400,0,LOW,informational
why is my,why is my poop darker brown,4400,2.89,LOW,informational
why is my,why is my laptop screen white,4400,0,LOW,informational
why is my,why is youtube not working on my phone,4400,0,LOW,informational
why is my,why is my cat pooping outside the litter box,4400,1.03,MEDIUM,informational
why is my,why is my apple pencil not working,4400,0.11,LOW,informational
why is my,why is my knee hurting,4400,3.82,LOW,informational
why is my,why my toe nail is black,4400,0.11,LOW,informational
why is my,why is my laptop is so slow,4400,3.18,LOW,informational
why is my,why youtube is not working on my phone,4400,0,LOW,informational
why is my,why is my arm twitching,4400,2.28,LOW,informational
why is my,why my laptop is so slow,4400,3.18,LOW,informational
why is my,why is my iphone alarm so quiet,4400,0,LOW,informational
why is my,why is my dl speed so slow,4400,5.36,LOW,informational
why is my,why is the battery on my iphone draining so fast,4400,0.79,LOW,informational
why is my,why is my ear itchy on the inside,4400,0.15,LOW,informational
why is my,why is my youtube not working on my phone,4400,0,LOW,informational
why is my,why my anus is itching,4400,0.54,LOW,informational
why is my,why is my neck itchy,4400,7.12,LOW,informational
why is my,why is my snapchat not working,4400,0,LOW,informational
why is my,why is my tax refund taking so long,4400,7.94,LOW,informational
why is my,why is my battery draining so fast on iphone,4400,0.79,LOW,informational
why is my,why is my anus itchy,4400,0.54,LOW,informational
why is my,why is my hair thinning out so much,4400,2.6,MEDIUM,informational
why is my,why is my air conditioner leaking water,4400,5.19,LOW,informational
why is my,why my youtube is not working on my phone,4400,0,LOW,informational
why is my,why is my hair falling out so much,4400,2.6,MEDIUM,informational
why is my,why is my cat pooping beside the litter box,4400,1.03,MEDIUM,informational
why is my,why my laptop is too slow,4400,3.18,LOW,informational
why is my,why my tax return is taking so long,4400,7.94,LOW,informational
why is my,why is my download speed so slow,4400,5.36,LOW,informational
why is my,why is my phone screen green,4400,0,LOW,informational
why is my,my power is out why,4400,1.85,LOW,informational
why is my,why my snap is not working,4400,0,LOW,informational
why is my,why is my laptop really slow,4400,3.18,LOW,informational
why is my,why is my cat pooping outside the litter tray,4400,1.03,MEDIUM,informational
why is my,why my ac is dripping water,4400,5.19,LOW,informational
why is my,why is my laptop so slow,4400,3.18,LOW,informational
why is my,why my poop is dark brown,4400,2.89,LOW,informational
why is my,why is my neck so itchy,4400,7.12,LOW,informational
why is my,why is my chest hurting,4400,1.82,LOW,informational
why is my,why is my toenail black,4400,0.11,LOW,informational
why is my,why is my phone screen greenish,4400,0,LOW,informational
why is my,why is my laptop extremely slow,4400,3.18,LOW,informational
why is my,why is my snap not working,4400,0,LOW,informational
why is my,why my snapchat is not working,4400,0,LOW,informational
why is my,why is my knee aching,4400,3.82,LOW,informational
why is my,why is my cellular data not working,4400,2.33,LOW,informational
why is my,why youtube is not working in my phone,4400,0,LOW,informational
why is my,why is my phone not turning on,4400,0.02,LOW,informational
why is my,why is my ear itchy,4400,1.9,LOW,informational
why is my,why my power is out,4400,1.85,LOW,informational
why is my,why is my dog coughing,4400,0.85,LOW,informational
why is my,why is my eye really red,4400,3.97,LOW,informational
why is my,why is water leaking from my ac unit,4400,5.19,LOW,informational
why is my,why is my discharge white and thick,4400,1.3,LOW,informational
why is my,why is my skin shedding,4400,2.93,LOW,informational
why is my,why is my aircon leaking water,4400,5.19,LOW,informational
why is my,why is the inside of my ear itchy,4400,0.15,LOW,informational
why is my,why my apple watch is not charging,4400,0,LOW,informational
why is my,why is my laptop so laggy,4400,3.18,LOW,informational
why is my,why my nail is black,4400,0.11,LOW,informational
why is my,why is my cat pooping outside litter box,4400,1.03,MEDIUM,informational
why is my,why my skin is peeling,4400,2.93,LOW,informational
why is my,why is my poop dark brown,4400,2.89,LOW,informational
why is my,why is my heart rate so high,4400,0.65,LOW,informational
why is my,why is my power out,4400,1.85,LOW,informational
why is my,why my dog is coughing,4400,0.85,LOW,informational
why is my,why is my cat not pooping in the litter box,4400,1.03,MEDIUM,informational
why is my,why is my battery on iphone draining so fast,4400,0.79,LOW,informational
why is my,why is my poop light brown,3600,1.55,LOW,informational
why is my,why is my face so greasy and oily,3600,1.89,LOW,informational
why is my,why is my dog eating soil,3600,0.36,LOW,informational
why is my,why is my armpit dark,3600,1.03,LOW,informational
why is my,why is my puppy drooling so much,3600,0.42,LOW,informational
why is my,why is my eyelashes falling out,3600,5.3,LOW,informational
why is my,why my blood sugar is high in the morning,3600,0.96,LOW,informational
why is my,why is my pee brown,3600,2.11,LOW,informational
why is my,why is my phone so slow iphone,3600,2.38,LOW,informational
why is my,why is my dog not eating,3600,1.27,LOW,informational
why is my,why my refrigerator is not cold,3600,2.03,LOW,informational
why is my,why is my mac not turning on,3600,0.08,LOW,informational
why is my,why is my phones battery dying so fast,3600,1.62,LOW,informational
why is my,why my bluetooth is not working,3600,0.99,LOW,informational
why is my,why is my face swollen,3600,0.65,LOW,informational
why is my,why is my face so puffy,3600,0.09,LOW,informational
why is my,why is my vision hazy,3600,4.54,LOW,informational
why is my,why is my gums white,3600,1.7,LOW,informational
why is my,why is my whole body itching,3600,5.14,LOW,informational
why is my,why is my hands swollen,3600,2.13,LOW,informational
why is my,my dog is not eating why,3600,1.27,LOW,informational
why is my,why is my thumb twitching,3600,1.74,LOW,informational
why is my,why is my face so oily,3600,1.89,LOW,informational
why is my,why is my cat urinating outside the litter box,3600,0.94,MEDIUM,informational
why is my,why my siri is not working,3600,0.02,LOW,informational
why is my,why my fish tank is cloudy,3600,0.79,MEDIUM,informational
why is my,why is my iphone very slow,3600,2.38,LOW,informational
why is my,why is my armpits dark,3600,1.03,LOW,informational
why is my,why my whole body is itching,3600,5.14,LOW,informational
why is my,why is my dog drooling so much,3600,0.42,LOW,informational
why is my,why is my stomach growling,3600,1.1,LOW,informational
why is my,why is my skin really dry,3600,1.83,LOW,informational
why is my,why is my dog itching so much,3600,2.99,HIGH,informational
why is my,why is my feet itchy,3600,2.02,LOW,informational
why is my,why is my tooth sensitive,3600,3.25,LOW,informational
why is my,why my house is so dusty,3600,0.64,MEDIUM,informational
why is my,why is my dryer not getting hot,3600,2.1,LOW,informational
why is my,why is my messages not sending,3600,0.03,LOW,informational
why is my,why my face is so oily,3600,1.89,LOW,informational
why is my,why is my eyes watering,3600,5.67,LOW,informational
why is my,why is my lower back hurting,3600,2.37,LOW,informational
why is my,why is my eyesight blurry,3600,4.54,LOW,informational
why is my,why is my thumb muscle twitching,3600,1.74,LOW,informational
why is my,why is my legs swelling,3600,1.96,LOW,informational
why is my,why does it feel like something is in my eye,3600,7.84,LOW,informational
why is my,why is my microphone not working,3600,0.23,LOW,informational
why is my,why is my whole body itchy,3600,5.14,LOW,informational
why is my,why is my puppy vomiting white foam,3600,0.97,LOW,informational
why is my,why is my phone on sos only,3600,0.02,LOW,informational
why is my,why is my body shaking for no reason,3600,7.41,LOW,informational
why is my,why is my foot itchy,3600,2.02,LOW,informational
why is my,why is my nail yellow,3600,0.15,LOW,informational
why is my,why is my fridge not cold,3600,2.03,LOW,informational
why is my,why is my period flow so light,3600,0.05,LOW,informational
why is my,why is my phone screen color messed up,3600,0,LOW,informational
why is my,why is my imessage green,3600,0,LOW,informational
why is my,why is my dog scratching so much,3600,2.99,HIGH,informational
why is my,why is my dog eating dirt,3600,0.36,LOW,informational
why is my,why is my aquarium cloudy,3600,0.79,MEDIUM,informational
why is my,why is my cat peeing outside of the litter box,3600,0.94,MEDIUM,informational
why is my,why is my underarm dark,3600,1.03,LOW,informational
why is my,why is my feet itching,3600,2.02,LOW,informational
why is my,why my feet is itching,3600,2.02,LOW,informational
why is my,why is my dog being sick white foam,3600,0.97,LOW,informational
why is my,why is my periods so light,3600,0.05,LOW,informational
why is my,why is my screen black,3600,3.23,LOW,informational
why is my,why is my cursor white in google docs,3600,0,LOW,informational
why is my,why is my phone battery draining so fast,3600,1.08,LOW,informational
why is my,why is my iphone in sos mode,3600,0.03,LOW,informational
why is my,why is my refrigerator not cooling,3600,2.03,LOW,informational
why is my,why is my gum receding,3600,0.82,LOW,informational
why is my,why is my nose clogged,3600,2.41,LOW,informational
why is my,why is my toilet gurgling,3600,5.47,LOW,informational
why is my,why is my dog puking white foam,3600,0.97,LOW,informational
why is my,why is my cat peeing outside the litter box,3600,0.94,MEDIUM,informational
why is my,why is my nail yellowish,3600,0.15,LOW,informational
why is my,why my flight is delayed,3600,2.48,LOW,informational
why is my,why is my dog puking up white foam,3600,0.97,LOW,informational
why is my,why is my refrigerator not getting cold,3600,2.03,LOW,informational
why is my,why is my body so itchy,3600,4.05,LOW,informational
why is my,why is my hands itchy,3600,5.86,LOW,informational
why is my,why is my nose blocked,3600,2.41,LOW,informational
why is my,why is my spotify not working,3600,0,LOW,informational
why is my,why is my face puffy,3600,0.65,LOW,informational
why is my,why is my iphone so slow,3600,2.38,LOW,informational
why is my,why my dog is panting,3600,0.69,LOW,informational
why is my,why is my flight delayed,3600,2.48,LOW,informational
why is my,why is it so dusty in my house,3600,0.64,MEDIUM,informational
why is my,why is the battery on my phone draining so fast,3600,1.08,LOW,informational
why is my,why my monitor is black,3600,3.23,LOW,informational
why is my,why is underneath my eye twitching,3600,0.04,LOW,informational
why is my,why is my belly button bleeding,3600,0.28,LOW,informational
why is my,why my urine is brown,3600,2.11,LOW,informational
why is my,why my diastolic pressure is high,3600,2.37,LOW,informational
why is my,why is my eyes watery,3600,5.67,LOW,informational
why is my,why is my eyebrows twitching,3600,0,LOW,informational
why is my,why is my eyelash falling out,3600,5.3,LOW,informational
why is my,why is my nose always running,3600,2.89,LOW,informational
why is my,why my hand is swollen,3600,2.13,LOW,informational
why is my,why is my wifi so slow,3600,6.1,LOW,informational
why is my,why is my skin so dry,3600,1.83,LOW,informational
why is my,why is my tomato plant leaves turning yellow,3600,0.34,LOW,informational
why is my,why is my dog sneeze so much,3600,1.49,LOW,informational
why is my,why is my tomato plants leaves turning yellow,3600,0.34,LOW,informational
why is my,why is my snot black,3600,9.13,LOW,informational
why is my,why my microphone is not working,3600,0.23,LOW,informational
why is my,why is my dog panting,3600,0.69,LOW,informational
why is my,why is my sight blurry,3600,4.54,LOW,informational
why is my,why is my fish tank murky,3600,0.79,MEDIUM,informational
why is my,why is my urine a brownish color,3600,2.11,LOW,informational
why is my,why is my dog sneezes so much,3600,1.49,LOW,informational
why is my,why is my lip swollen for no reason,3600,2.1,LOW,informational
why is my,why is my hand swollen,3600,2.13,LOW,informational
why is my,why is my cat peeing outside litter box,3600,0.94,MEDIUM,informational
why is my,why my phone battery is draining so fast,3600,1.08,LOW,informational
why is my,why is my forehead breaking out,3600,1.58,LOW,informational
why is my,why is my skin extremely dry,3600,1.83,LOW,informational
why is my,why is my pc screen black,3600,3.23,LOW,informational
why is my,why is electricity out in my area,3600,2.03,LOW,informational
why is my,why is my phone battery dying so fast,3600,1.62,LOW,informational
why is my,why is my toilet bowl bubbling,3600,5.47,LOW,informational
why is my,why is only my left eye watering,3600,4.77,LOW,informational
why is my,why is my hair so frizzy,3600,1.34,LOW,informational
why is my,why is my eye watering,3600,5.67,LOW,informational
why is my,why my cat is peeing outside the litter box,3600,0.94,MEDIUM,informational
why is my,why is my period extremely light,3600,0.05,LOW,informational
why is my,my dog is eating dirt why,3600,0.36,LOW,informational
why is my,why my refrigerator is not cooling,3600,2.03,LOW,informational
why is my,why is my phone on sos mode,3600,0.02,LOW,informational
why is my,why is there blood in my urine,3600,1.98,LOW,informational
why is my,why is my phone battery dying so quickly,3600,1.62,LOW,informational
why is my,why is my blood so dark on my period,3600,0.09,LOW,informational
why is my,why is my dog itchy so much,3600,2.99,HIGH,informational
why is my,why is my carplay not working,3600,0.09,LOW,informational
why is my,why is my lower back aching,3600,2.37,LOW,informational
why is my,why is my message not sending,3600,0.03,LOW,informational
why is my,why is my nose stuffy,3600,2.41,LOW,informational
why is my,why is the electricity out in my area,3600,2.03,LOW,informational
why is my,why is my phones battery draining so fast,3600,1.08,LOW,informational
why is my,why is my wireless internet so slow,3600,6.1,LOW,informational
why is my,why my refrigerator is not getting cold,3600,2.03,LOW,informational
why is my,why my computer screen is black,3600,3.23,LOW,informational
why is my,why is my fridge not getting cold,3600,2.03,LOW,informational
why is my,why my screen is black,3600,3.23,LOW,informational
why is my,why my fridge is not cold,3600,2.03,LOW,informational
why is my,why my feet is itchy,3600,2.02,LOW,informational
why is my,why my hair is so frizzy,3600,1.34,LOW,informational
why is my,why is there a key symbol on my phone,3600,0,LOW,informational
why is my,why is my gum white,3600,1.7,LOW,informational
why is my,why my skin is so dry,3600,1.83,LOW,informational
why is my,why is my nails yellow,3600,0.15,LOW,informational
why is my,why is my vision blurry,3600,4.54,LOW,informational
why is my,why is my dog salivating so much,3600,0.42,LOW,informational
why is my,why is my chin breaking out,3600,2.58,LOW,informational
why is my,why is my lower back sore,3600,2.37,LOW,informational
why is my,why is my face so greasy,3600,1.89,LOW,informational
why is my,why is my aquarium foggy,3600,0.79,MEDIUM,informational
why is my,why is my bluetooth not working,3600,0.99,LOW,informational
why is my,why is my computer black screening,3600,3.23,LOW,informational
why is my,why is my macbook not turning on,3600,0.08,LOW,informational
why is my,why is my teeth sensitive,3600,3.25,LOW,informational
why is my,why is my eyebrow twitching,3600,0,LOW,informational
why is my,why is my mouth producing so much saliva suddenly,3600,3.34,LOW,informational
why is my,why is my menstrual flow so light,3600,0.05,LOW,informational
why is my,why is my period blood very dark,3600,0.09,LOW,informational
why is my,why is my dogs sneezing so much,3600,1.49,LOW,informational
why is my,why my dog is throwing up white foam,3600,0.97,LOW,informational
why is my,why is my eye twitching underneath,3600,0.04,LOW,informational
why is my,why is my period blood so dark,3600,0.09,LOW,informational
why is my,why is my tiktok not working,3600,6.63,LOW,informational
why is my,why is the power out in my area,3600,2.03,LOW,informational
why is my,why is there blood in my mucus,3600,7.36,LOW,informational
why is my,why is my imessage not working,3600,0.45,LOW,informational
why is my,why is my toilet running,3600,0.85,LOW,informational
why is my,why is my skin very dry,3600,1.83,LOW,informational
why is my,why is my uvula swollen,3600,0.04,LOW,informational
why is my,why is my pee a brownish color,3600,2.11,LOW,informational
why is my,why is there blood in my boogers,3600,7.36,LOW,informational
why is my,why is my fridge not cooling,3600,2.03,LOW,informational
why is my,why is my home so dusty,3600,0.64,MEDIUM,informational
why is my,why is my apple carplay not working,3600,0.17,LOW,informational
why is my,why is my poop white,3600,0.05,LOW,informational
why is my,why is my dog sneezing so much,3600,1.49,LOW,informational
why is my,why my wifi is so slow,3600,6.1,LOW,informational
why is my,why is my pee brownish,3600,2.11,LOW,informational
why is my,why my dog is not eating,3600,1.27,LOW,informational
why is my,why is my heart beating fast for no reason,3600,3.23,LOW,informational
why is my,why the screen of my computer is black,3600,3.23,LOW,informational
why is my,why my wireless internet is so slow,3600,6.1,LOW,informational
why is my,why is my under eyelid twitching,3600,0.04,LOW,informational
why is my,why does my eye feel like something is in it,3600,7.84,LOW,informational
why is my,why my pc screen is black,3600,3.23,LOW,informational
why is my,why is my diastolic pressure high,3600,2.37,LOW,informational
why is my,why my dog is scratching so much,3600,2.99,HIGH,informational
why is my,why is my legs aching,3600,2.97,LOW,informational
why is my,why is my under eye twitching,3600,0.04,LOW,informational
why is my,why is my phone's battery draining so fast,3600,1.08,LOW,informational
why is my,why is my clothes dryer not getting hot,3600,2.1,LOW,informational
why is my,why is my house so dusty,3600,0.64,MEDIUM,informational
why is my,why is my fish tank cloudy,3600,0.79,MEDIUM,informational
why is my,why is my period so light,3600,0.05,LOW,informational
why is my,why is under my eye twitching,3600,0.04,LOW,informational
why is my,why my dryer is not getting hot,3600,2.1,LOW,informational
why is my,why is my siri not working,3600,0.02,LOW,informational
why is my,why is my pee bubbly,3600,0.59,LOW,informational
why is my,why is my fish aquarium cloudy,3600,0.79,MEDIUM,informational
why is my,why my fridge is not cooling,3600,2.03,LOW,informational
why is my,why is my morning blood sugar so high,3600,0.96,LOW,informational
why is my,why is my period very light,3600,0.05,LOW,informational
why is my,why is my monitor black,3600,3.23,LOW,informational
why is my,why is my ear bleeding,3600,0,LOW,informational
why is my,why is my chatgpt so slow,3600,0,LOW,informational
why is my,why is my stomach rumbling,3600,1.1,LOW,informational
why is my,why is my urine brown,3600,2.11,LOW,informational
why is my,why my fridge is not getting cold,3600,2.03,LOW,informational
why is my,why is there blood in my snot,3600,7.36,LOW,informational
why is my,why is my apple watch dying so fast,3600,0,LOW,informational
why is my,why is my personal hotspot greyed out,3600,0.11,LOW,informational
why is my,why is my poop pale brown,3600,1.55,LOW,informational
why is my,why is my computer screen black,3600,3.23,LOW,informational
why is my,why is my poop sticky,3600,0.81,LOW,informational
why is my,why is my mic not working,3600,0.23,LOW,informational
why is my,why my face is puffy,3600,0.65,LOW,informational
why is my,why is my puppy throwing up white foam,3600,0.97,LOW,informational
why is my,why is the battery on my phone dying so fast,3600,1.62,LOW,informational
why is my,why is my dog throwing up white foam,3600,0.97,LOW,informational
why is my,why is my dog vomiting white foam,3600,0.97,LOW,informational
why is my,why my nose is blocked,3600,2.41,LOW,informational
why is my,why is my fish tank foggy,3600,0.79,MEDIUM,informational
why is my,why my stool is white,3600,0.05,LOW,informational
why is my,why is power out in my area,3600,2.03,LOW,informational
why is my,why is my blood so dark with period,3600,0.09,LOW,informational
why is my,why is my battery draining so fast on my phone,3600,1.08,LOW,informational
why is my,why is my period really light,3600,0.05,LOW,informational
why is my,why my dog is itching so much,3600,2.99,HIGH,informational
why is my,why is my cat's eyes watery,2900,0.64,LOW,informational
why is my,why is my heater blowing cold air,2900,0,LOW,informational
why is my,why is my period heavy this month,2900,0.54,LOW,informational
why is my,why is my cat peeing everywhere,2900,1.05,MEDIUM,informational
why is my,why is the first day of my period brown,2900,0.06,LOW,informational
why is my,why is my resting heart rate so high,2900,0.52,LOW,informational
why is my,why is my fridge leaking water,2900,1.16,LOW,informational
why is my,why my cat is peeing on my bed,2900,0.96,MEDIUM,informational
why is my,why is my upload speed so slow,2900,5.07,LOW,informational
why is my,why my stomach is burning,2900,3.84,LOW,informational
why is my,why is my blood sugar level high,2900,1.82,LOW,informational
why is my,why is the skin on my fingertips peeling,2900,1.83,LOW,informational
why is my,why is my hair always greasy,2900,0.68,LOW,informational
why is my,why is my youtube not working on my tv,2900,2.23,LOW,informational
why is my,why is my flash not working on my iphone,2900,0,LOW,informational
why is my,why is my pool foggy,2900,0.72,LOW,informational
why is my,why does my printer say it is offline,2900,5.67,LOW,informational
why is my,why is my nails peeling,2900,0.22,LOW,informational
why is my,why my camera is not working,2900,0.96,LOW,informational
why is my,why is roof of my mouth sore,2900,1.74,LOW,informational
why is my,why is my instagram not working,2900,6.75,LOW,informational
why is my,why is my cat coughing,2900,1.06,LOW,informational
why is my,why is there white marks on my nails,2900,0.06,LOW,informational
why is my,why is my face constantly red,2900,2.77,LOW,informational
why is my,why is my nipple sensitive,2900,0.14,LOW,informational
why is my,why is my car not starting,2900,1.71,LOW,informational
why is my,why is my quarter gold,2900,5.19,LOW,informational
why is my,why my pc is so slow,2900,2.24,LOW,informational
why is my,why is my iphone volume not working,2900,0,LOW,informational
why is my,why my face is always red,2900,2.77,LOW,informational
why is my,why is my period lasting longer than usual,2900,0.7,LOW,informational
why is my,why my keyboard is not working laptop,2900,1.55,LOW,informational
why is my,why is my stomach hard,2900,0.59,LOW,informational
why is my,why is my ear aching,2900,0.05,LOW,informational
why is my,why is my heat blowing cold air,2900,0,LOW,informational
why is my,why my laptop screen is flickering,2900,0.18,LOW,informational
why is my,why is my dog chewing her foot,2900,1.79,MEDIUM,informational
why is my,why is my cat urinating on the bed,2900,0.96,MEDIUM,informational
why is my,why is my camera not working,2900,0.96,LOW,informational
why is my,why the sound is not working on my iphone,2900,0,LOW,informational
why is my,why is my cat peeing in my bedroom,2900,0.96,MEDIUM,informational
why is my,why is my screen flickering on my laptop,2900,0.18,LOW,informational
why is my,why is my instagram.not working,2900,6.75,LOW,informational
why is my,why is my poop never solid anymore,2900,3.44,LOW,informational
why is my,why is my dishwasher not draining,2900,1.72,MEDIUM,informational
why is my,why is my leg muscle twitching,2900,2.45,LOW,informational
why is my,why is my hair staticky,2900,0.4,LOW,informational
why is my,why is my iphone flashlight not working,2900,0,LOW,informational
why is my,why my heater is blowing cold air,2900,0,LOW,informational
why is my,why is my back camera not working,2900,0,LOW,informational
why is my,why is my pool murky,2900,0.72,LOW,informational
why is my,why is the volume on my iphone not working,2900,0,LOW,informational
why is my,why is the skin on my fingers peeling,2900,1.83,LOW,informational
why is my,why is my camera not working on my iphone,2900,0,LOW,informational
why is my,why is the sound not working on my iphone,2900,0,LOW,informational
why is my,why is my period longer than normal,2900,0.7,LOW,informational
why is my,why is my toenail peeling,2900,0.22,LOW,informational
why is my,why is my dog whining,2900,0.39,LOW,informational
why is my,why is my hand always sweaty,2900,6.1,LOW,informational
why is my,why is my flash not working on iphone,2900,0,LOW,informational
why is my,why my vomit is green,2900,0,LOW,informational
why is my,why is the skin of my fingertips peeling,2900,1.83,LOW,informational
why is my,why is my potato green,2900,0.23,LOW,informational
why is my,why my bamboo is turning yellow,2900,0.34,LOW,informational
why is my,why is my clothes dryer squeaking,2900,0.06,LOW,informational
why is my,why is my iphone torch not working,2900,0,LOW,informational
why is my,why is my volume not working on my iphone,2900,0,LOW,informational
why is my,why is my alarm not going off,2900,0,LOW,informational
why is my,why is my screen blue on my laptop,2900,0,LOW,informational
why is my,why is my phone lagging,2900,2.83,LOW,informational
why is my,why my back camera is not working,2900,0,LOW,informational
why is my,why is my sourdough starter not rising,2900,0.08,LOW,informational
why is my,why is my dog biting his paws,2900,1.79,MEDIUM,informational
why is my,why is my keyboard not working on my laptop,2900,1.55,LOW,informational
why is my,why my keyboard is not working on my laptop,2900,1.55,LOW,informational
why is my,why is my stomach cramping so bad,2900,2.37,LOW,informational
why is my,why is my discharge pinkish,2900,0.05,LOW,informational
why is my,why is my stomach burning,2900,3.84,LOW,informational
why is my,why is the bottom of my feet itchy,2900,0.79,LOW,informational
why is my,why my printer is not printing,2900,3.35,LOW,informational
why is my,why my fridge is leaking water,2900,1.16,LOW,informational
why is my,why is there a white spot in my nail,2900,0.06,LOW,informational
why is my,why is my wbc low,2900,2.4,LOW,informational
why is my,why is my cat peeing on my bed,2900,0.96,MEDIUM,informational
why is my,why is my air con blowing hot air,2900,18.57,LOW,informational
why is my,why is my phone screen blue tint,2900,0,LOW,informational
why is my,why is my poop a light tan color,2900,2.99,LOW,informational
why is my,why is my income tax return so low,2900,0,LOW,informational
why is my,why is my skin peeling on my legs,2900,3.3,LOW,informational
why is my,why is my dog chewing on his feet,2900,1.79,MEDIUM,informational
why is my,why is my period late not pregnant,2900,0.19,LOW,informational
why is my,why is my lower belly hurting,2900,2.52,LOW,informational
why is my,why is my lower stomach hurting,2900,2.52,LOW,informational
why is my,why is my feet cold,2900,0.05,LOW,informational
why is my,why is my dog biting his paw,2900,1.79,MEDIUM,informational
why is my,why is my ear hurting,2900,0.05,LOW,informational
why is my,why is my period heavier this month,2900,0.54,LOW,informational
why is my,why is my dog chewing on his foot,2900,1.79,MEDIUM,informational
why is my,why the roof of my mouth is sore,2900,1.74,LOW,informational
why is my,my pool is cloudy why,2900,0.72,LOW,informational
why is my,why is my cat urinating on my bed,2900,0.96,MEDIUM,informational
why is my,why is the roof of my mouth sore,2900,1.74,LOW,informational
why is my,why is my alarms not going off,2900,0,LOW,informational
why is my,why is my period really heavy this month,2900,0.54,LOW,informational
why is my,why is my leg twitching,2900,2.45,LOW,informational
why is my,why my ipad is so slow,2900,1.09,LOW,informational
why is my,why is sound not working on my iphone,2900,0,LOW,informational
why is my,why my cholesterol is high,2900,1.48,LOW,informational
why is my,why is my air conditioner blowing hot air,2900,18.57,LOW,informational
why is my,why is my dog breathing heavily,2900,2.04,LOW,informational
why is my,why is my cat eyes watering,2900,0.64,LOW,informational
why is my,why is my scalp tender in one spot,2900,0.99,LOW,informational
why is my,why is my dog shaking so much,2900,1.71,LOW,informational
why is my,why is my laptop not opening,2900,0,LOW,informational
why is my,why is my apple watch not connecting to my phone,2900,0,LOW,informational
why is my,why is my laptop screen flickering,2900,0.18,LOW,informational
why is my,why is my period brown on the first day,2900,0.06,LOW,informational
why is my,why is my cholesterol high,2900,1.48,LOW,informational
why is my,why is my iphone camera not working,2900,0,LOW,informational
why is my,why is my poop so long,2900,4.95,LOW,informational
why is my,why is my back hurting,2900,3.46,LOW,informational
why is my,why is my big toe numb,2900,1.19,LOW,informational
why is my,why is my face always red,2900,2.77,LOW,informational
why is my,why is my cat grooming me,2900,0.26,LOW,informational
why is my,why is my resting heart beat so high,2900,0.52,LOW,informational
how to fix,how to fix screen bleeding on laptop,450000,0,LOW,informational
how to fix,how to fix,165000,0.35,LOW,informational
how to fix,how to fix white spots on phone screen,110000,0,LOW,informational
how to fix,how to fix it,74000,2.68,LOW,informational
how to fix,how to fix this problem,60500,0,LOW,informational
how to fix,how to fix issues,60500,0,LOW,informational
how to fix,how to fix issue,60500,0,LOW,informational
how to fix,how to fix green screen on laptop,49500,0,LOW,informational
how to fix,how to fix laptop green screen,49500,0,LOW,informational
how to fix,how to fix a glitching chromebook screen,40500,0,LOW,informational
how to fix,how to fix a chromebook screen,40500,0,LOW,informational
how to fix,how to fix screen on chromebook,40500,0,LOW,informational
how to fix,how to fix a glitchy chromebook screen,40500,0,LOW,informational
how to fix,how to fix chromebook screen,40500,0,LOW,informational
how to fix,how to fix a chromebook screen that has lines,33100,0,LOW,informational
how to fix,how to fix this,22200,5.31,LOW,informational
how to fix,toilet keeps running how to fix,14800,0.38,MEDIUM,informational
how to fix,how to fix a separating zipper,14800,0.22,LOW,informational
how to fix,how to fix touchpad on chromebook,14800,0,LOW,informational
how to fix,how to fix busted zipper,14800,0.22,LOW,informational
how to fix,how to fix stick drift ps5,14800,0.37,LOW,informational
how to fix,how to fix a popped zipper,14800,0.22,LOW,informational
how to fix,how to fix broken zippers,14800,0.22,LOW,informational
how to fix,how to fix a bad posture,14800,0.97,MEDIUM,informational
how to fix,how to fix the broken zipper,14800,0.22,LOW,informational
how to fix,how to fix split zipper,14800,0.22,LOW,informational
how to fix,how to fix a toilet that keeps running,14800,0.38,MEDIUM,informational
how to fix,how to fix the posture,14800,0.97,MEDIUM,informational
how to fix,how to fix an ingrown nail,14800,0.26,HIGH,informational
how to fix,how to fix the toilet from running,14800,0.38,MEDIUM,informational
how to fix,how to fix toilet from running,14800,0.38,MEDIUM,informational
how to fix,how to fix broken zipper pull,14800,0.22,LOW,informational
how to fix,how to fix a broken zipper,14800,0.22,LOW,informational
how to fix,how to fix a toilet from running,14800,0.38,MEDIUM,informational
how to fix,how to fix pelvic anterior tilt,14800,0.47,LOW,informational
how to fix,how to fix broken zipper,14800,0.22,LOW,informational
how to fix,how to fix toilet that is running,14800,0.38,MEDIUM,informational
how to fix,how to fix broken.zip,14800,0.22,LOW,informational
how to fix,how to fix a running toilet bowl,14800,0.38,MEDIUM,informational
how to fix,how to fix a running toilet,14800,0.38,MEDIUM,informational
how to fix,how to fix a separated zipper,14800,0.22,LOW,informational
how to fix,how to fix broken zips,14800,0.22,LOW,informational
how to fix,how to fix zipper separated,14800,0.22,LOW,informational
how to fix,how to fix a toilet running,14800,0.38,MEDIUM,informational
how to fix,how to fix a split zipper,14800,0.22,LOW,informational
how to fix,how to fix anterior pelvic tilt,14800,0.47,LOW,informational
how to fix,how to fix a toilet that is running,14800,0.38,MEDIUM,informational
how to fix,how to fix posture,14800,0.97,MEDIUM,informational
how to fix,how to fix toilet that runs,14800,0.38,MEDIUM,informational
how to fix,how to fix poor posture,14800,0.97,MEDIUM,informational
how to fix,how to fix chromebook touchpad,14800,0,LOW,informational
how to fix,how to fix a zipper separated,14800,0.22,LOW,informational
how to fix,toilet bowl running how to fix,14800,0.38,MEDIUM,informational
how to fix,how to fix undoing changes made to your computer,14800,0,LOW,informational
how to fix,how to fix bad posture,14800,0.97,MEDIUM,informational
how to fix,how to fix an anterior pelvic tilt,14800,0.47,LOW,informational
how to fix,how to fix the running toilet,14800,0.38,MEDIUM,informational
how to fix,how to fix running toilet,14800,0.38,MEDIUM,informational
how to fix,how to fix tablet broken screen,12100,0.42,LOW,informational
how to fix,how to fix broken screen on tablet,12100,0.42,LOW,informational
how to fix,how to fix a faucet drip,12100,1.13,LOW,informational
how to fix,how to fix a faucet that leaks,12100,1.13,LOW,informational
how to fix,how to fix a cracked screen on tablet,12100,0.42,LOW,informational
how to fix,how to fix a cracked screen on a tablet,12100,0.42,LOW,informational
how to fix,how to fix a zipper,12100,0.17,LOW,informational
how to fix,how to fix dripping faucet,12100,1.13,LOW,informational
how to fix,how to fix leaking faucet,12100,1.13,LOW,informational
how to fix,tap leaking how to fix,12100,1.13,LOW,informational
how to fix,faucet is dripping how to fix,12100,1.13,LOW,informational
how to fix,how to fix tablet screen,12100,0.42,LOW,informational
how to fix,how to fix a faucet leak,12100,1.13,LOW,informational
how to fix,how to fix drip faucet,12100,1.13,LOW,informational
how to fix,how to fix a shattered tablet screen,12100,0.42,LOW,informational
how to fix,how to fix leaky faucets,12100,1.13,LOW,informational
how to fix,how to fix screen on tablet,12100,0.42,LOW,informational
how to fix,how to fix dripping faucets,12100,1.13,LOW,informational
how to fix,how to fix tablet cracked screen,12100,0.42,LOW,informational
how to fix,how to fix leaky faucet,12100,1.13,LOW,informational
how to fix,how to fix cracked tablet screen,12100,0.42,LOW,informational
how to fix,how to fix a leaky faucet,12100,1.13,LOW,informational
how to fix,how to fix a cracked tablet screen,12100,0.42,LOW,informational
how to fix,how to fix cracked screen on tablet,12100,0.42,LOW,informational
how to fix,how to fix leaking faucets,12100,1.13,LOW,informational
how to fix,how to fix a tablet screen,12100,0.42,LOW,informational
how to fix,how to fix broken tablet screen,12100,0.42,LOW,informational
how to fix,how to fix a dripping spigot,12100,1.13,LOW,informational
how to fix,how to fix a cracked screen tablet,12100,0.42,LOW,informational
how to fix,how to fix a faucet that drips,12100,1.13,LOW,informational
how to fix,how to fix dripping spigot,12100,1.13,LOW,informational
how to fix,how to fix faucet leak,12100,1.13,LOW,informational
how to fix,how to fix a broken screen on tablet,12100,0.42,LOW,informational
how to fix,how to fix black line on laptop screen,9900,0,LOW,informational
how to fix,how to fix a receding gum line,9900,1.54,MEDIUM,informational
how to fix,how to fix a hole on a wall,9900,1.01,HIGH,informational
how to fix,how to fix wall hole,9900,1.01,HIGH,informational
how to fix,how to fix receding gum line,9900,1.54,MEDIUM,informational
how to fix,gum recession how to fix,9900,1.54,MEDIUM,informational
how to fix,how to fix gums from receding,9900,1.54,MEDIUM,informational
how to fix,how to fix wall holes,9900,1.01,HIGH,informational
how to fix,how to fix a hole in the wall,9900,1.01,HIGH,informational
how to fix,how to fix the hole in the wall,9900,1.01,HIGH,informational
how to fix,how to fix lines on monitor,9900,0,LOW,informational
how to fix,how to fix the hole on the wall,9900,1.01,HIGH,informational
how to fix,how to fix hole in a wall,9900,1.01,HIGH,informational
how to fix,how to fix holes in the wall,9900,1.01,HIGH,informational
how to fix,how to fix holes in walls,9900,1.01,HIGH,informational
how to fix,how to fix holes on the wall,9900,1.01,HIGH,informational
how to fix,receding gum line how to fix,9900,1.54,MEDIUM,informational
how to fix,how much to fix,9900,0,LOW,informational
how to fix,how to fix line on monitor,9900,0,LOW,informational
how to fix,iphone how to fix,9900,2.58,LOW,informational
how to fix,how to fix a hole in a wall,9900,1.01,HIGH,informational
how to fix,how to fix receding gum lines,9900,1.54,MEDIUM,informational
how to fix,how to fix lines on screen,9900,0,LOW,informational
how to fix,how to fix the wall hole,9900,1.01,HIGH,informational
how to fix,how to fix monitor lines,9900,0,LOW,informational
how to fix,how to fix receding gums,9900,1.54,MEDIUM,informational
how to fix,how to fix receding gum,9900,1.54,MEDIUM,informational
how to fix,how to fix gum recession,9900,1.54,MEDIUM,informational
how to fix,how to fix lines on computer screen,9900,0,LOW,informational
how to fix,how to fix a receding gum,9900,1.54,MEDIUM,informational
how to fix,how to fix hole on the wall,9900,1.01,HIGH,informational
how to fix,how to fix holes on wall,9900,1.01,HIGH,informational
how to fix,how to fix a wall with holes,9900,1.01,HIGH,informational
how to fix,how to fix holes on walls,9900,1.01,HIGH,informational
how to fix,how to fix gingival recession,9900,1.54,MEDIUM,informational
how to fix,how to fix stick drift,9900,0.22,LOW,informational
how to fix,how to fix gums receding,9900,1.54,MEDIUM,informational
how to fix,how to fix hole in the wall,9900,1.01,HIGH,informational
how to fix,how to fix black lines on laptop screen,9900,0,LOW,informational
how to fix,how to fix holes in a wall,9900,1.01,HIGH,informational
how to fix,how to fix a wall hole,9900,1.01,HIGH,informational
how to fix,how to fix holes in the walls,9900,1.01,HIGH,informational
how to fix,how to fix a computer screen with lines,9900,0,LOW,informational
how to fix,how to fix hole on wall,9900,1.01,HIGH,informational
how to fix,how to fix hole in wall,9900,1.01,HIGH,informational
how to fix,how to fix a hole on the wall,9900,1.01,HIGH,informational
how to fix,how to fix leaking faucet in bathtub,8100,1.37,LOW,informational
how to fix,how to fix a cracked tooth,8100,5.42,MEDIUM,informational
how to fix,how to fix scrapes on a car,8100,0.87,HIGH,informational
how to fix,how to fix drywall hole,8100,0.67,HIGH,informational
how to fix,how to fix a leaky faucet tub,8100,1.37,LOW,informational
how to fix,how to fix a scratch in a car,8100,0.87,HIGH,informational
how to fix,how to fix leaking tub faucet,8100,1.37,LOW,informational
how to fix,how to fix a tmj,8100,1.96,LOW,informational
how to fix,how to fix sleep schedule,8100,1.25,LOW,informational
how to fix,how to i fix my credit score,8100,12.12,HIGH,informational
how to fix,how to fix a leaky bathtub faucet,8100,1.37,LOW,informational
how to fix,how to fix a hole with drywall,8100,0.67,HIGH,informational
how to fix,how to fix a leaking tub faucet,8100,1.37,LOW,informational
how to fix,how to fix a hole in sheetrock wall,8100,0.67,HIGH,informational
how to fix,how to fix a leaky tub faucet,8100,1.37,LOW,informational
how to fix,how to fix scratches car,8100,0.87,HIGH,informational
how to fix,how to fix a dripping bathroom faucet,8100,1.37,LOW,informational
how to fix,how to fix a dripping faucet in the bathtub,8100,1.37,LOW,informational
how to fix,how to fix a dripping bath faucet,8100,1.37,LOW,informational
how to fix,how to fix leaky faucet bathtub,8100,1.37,LOW,informational
how to fix,how to fix a leaky faucet bathtub,8100,1.37,LOW,informational
how to fix,how to fix leaky faucet in tub,8100,1.37,LOW,informational
how to fix,how to fix a scratch in car,8100,0.87,HIGH,informational
how to fix,how to fix my credit,8100,12.12,HIGH,informational
how to fix,how to fix a drywall hole in the wall,8100,0.67,HIGH,informational
how to fix,how to fix a hole in the drywall,8100,0.67,HIGH,informational
how to fix,how to fix rib flare,8100,0.44,LOW,informational
how to fix,how to fix a scratch on car,8100,0.87,HIGH,informational
how to fix,how to fix tooth chip,8100,5.42,MEDIUM,informational
how to fix,how to fix dripping faucet in bathtub,8100,1.37,LOW,informational
how to fix,how to fix a scratched car,8100,0.87,HIGH,informational
how to fix,how to fix scratches in car,8100,0.87,HIGH,informational
how to fix,how to fix a ruptured disc,8100,3.98,LOW,informational
how to fix,how to fix scratches on cars,8100,0.87,HIGH,informational
how to fix,how to fix leaky faucet in bathtub,8100,1.37,LOW,informational
how to fix,how to fix a leaky bathtub tap,8100,1.37,LOW,informational
how to fix,how to fix your credit score,8100,12.12,HIGH,informational
how to fix,how to fix bathtub faucet leak,8100,1.37,LOW,informational
how to fix,how to fix tub faucet leak,8100,1.37,LOW,informational
how to fix,how to fix a credit score,8100,12.12,HIGH,informational
how to fix,how to fix drywall holes,8100,0.67,HIGH,informational
how to fix,how to fix credit.score,8100,12.12,HIGH,informational
how to fix,how to fix a leaking faucet in tub,8100,1.37,LOW,informational
how to fix,how to fix scratch in car,8100,0.87,HIGH,informational
how to fix,how to fix leaky bathroom faucet,8100,1.37,LOW,informational
how to fix,how to fix credit,8100,12.12,HIGH,informational
how to fix,how to fix a scratch on the car,8100,0.87,HIGH,informational
how to fix,how to fix hole in drywall wall,8100,0.67,HIGH,informational
how to fix,how to fix a bathtub faucet from leaking,8100,1.37,LOW,informational
how to fix,how to fix a drywall hole,8100,0.67,HIGH,informational
how to fix,how to fix a dripping faucet bathtub,8100,1.37,LOW,informational
how to fix,how to fix bathtub faucet leaking,8100,1.37,LOW,informational
how to fix,how to fix faucet leak bathtub,8100,1.37,LOW,informational
how to fix,how to fix a hole in the wall with drywall,8100,0.67,HIGH,informational
how to fix,how to fix constipation,8100,0.44,LOW,informational
how to fix,how to fix a car scratch,8100,0.87,HIGH,informational
how to fix,how to fix a scratch on a car,8100,0.87,HIGH,informational
how to fix,how to fix sheetrock hole,8100,0.67,HIGH,informational
how to fix,how to fix hole in wall with drywall,8100,0.67,HIGH,informational
how to fix,how to fix drywall holes in wall,8100,0.67,HIGH,informational
how to fix,how to fix tmj,8100,1.96,LOW,informational
how to fix,how to fix flared ribs,8100,0.44,LOW,informational
how to fix,how to fix scratches from car,8100,0.87,HIGH,informational
how to fix,how to fix scratched car,8100,0.87,HIGH,informational
how to fix,how to fix a scratch car,8100,0.87,HIGH,informational
how to fix,how to fix scratch on car,8100,0.87,HIGH,informational
how to fix,how to fix a leaking faucet in bathtub,8100,1.37,LOW,informational
how to fix,how to fix a leaky faucet in bathtub,8100,1.37,LOW,informational
how to fix,how to fix a leaking bathroom tub faucet,8100,1.37,LOW,informational
how to fix,how to fix a leak from the bathtub faucet,8100,1.37,LOW,informational
how to fix,how to fix a bathtub faucet leak,8100,1.37,LOW,informational
how to fix,how to fix bathtub leaking faucet,8100,1.37,LOW,informational
how to fix,how to fix leaking bathtub faucet,8100,1.37,LOW,informational
how to fix,how to fix scratch on the car,8100,0.87,HIGH,informational
how to fix,how to fix sleeping schedule,8100,1.25,LOW,informational
how to fix,how to fix leaking bathroom faucet,8100,1.37,LOW,informational
how to fix,how to fix credit scores,8100,12.12,HIGH,informational
how to fix,how to fix a leaky faucet in the tub,8100,1.37,LOW,informational
how to fix,how to fix your credit scores,8100,12.12,HIGH,informational
how to fix,how to fix leaky bath faucet,8100,1.37,LOW,informational
how to fix,how to fix credit rating,8100,12.12,HIGH,informational
how to fix,how to fix car scrapes,8100,0.87,HIGH,informational
how to fix,how to fix chipped tooth,8100,5.42,MEDIUM,informational
how to fix,how to fix a leaky bath tap,8100,1.37,LOW,informational
how to fix,how to fix credit score,8100,12.12,HIGH,informational
how to fix,how to fix bathroom faucet leak,8100,1.37,LOW,informational
how to fix,how to fix scratches on car,8100,0.87,HIGH,informational
how to fix,how to fix sheetrock hole in wall,8100,0.67,HIGH,informational
how to fix,how to fix a leaking bathroom tap,8100,1.37,LOW,informational
how to fix,how to fix drywall hole in wall,8100,0.67,HIGH,informational
how to fix,how to fix hole in sheetrock wall,8100,0.67,HIGH,informational
how to fix,how to fix a dripping faucet in bathtub,8100,1.37,LOW,informational
how to fix,how to fix dripping faucet tub,8100,1.37,LOW,informational
how to fix,how to fix a leaking faucet in the bathtub,8100,1.37,LOW,informational
how to fix,how to fix car scratches,8100,0.87,HIGH,informational
how to fix,how to fix bath faucet leak,8100,1.37,LOW,informational
how to fix,how to fix temporomandibular joint,8100,1.96,LOW,informational
how to fix,how to fix a leaky bathroom tub faucet,8100,1.37,LOW,informational
how to fix,how to fix scratches on a car,8100,0.87,HIGH,informational
how to fix,how to fix leaking faucet in tub,8100,1.37,LOW,informational
how to fix,how to fix scratch car,8100,0.87,HIGH,informational
how to fix,how to fix leaking bathtub faucets,8100,1.37,LOW,informational
how to fix,how to fix cracked tooth,8100,5.42,MEDIUM,informational
how to fix,how to fix scratches on the car,8100,0.87,HIGH,informational
how to fix,how to fix a chipped tooth,8100,5.42,MEDIUM,informational
how to fix,how to fix a leaky faucet in the bathtub,8100,1.37,LOW,informational
how to fix,how to fix a leaky faucet in a bathtub,8100,1.37,LOW,informational
how to fix,how to fix leaking faucet bathtub,8100,1.37,LOW,informational
how to fix,how to fix a hole in a sheetrock wall,8100,0.67,HIGH,informational
how to fix,how to fix the car scratch,8100,0.87,HIGH,informational
how to fix,how to fix tmd,8100,1.96,LOW,informational
how to fix,how to fix the credit score,8100,12.12,HIGH,informational
how to fix,how to fix a dripping bathtub faucet,8100,1.37,LOW,informational
how to fix,how to fix a dripping tub faucet,8100,1.37,LOW,informational
how to fix,how to fix a leaking faucet in the tub,8100,1.37,LOW,informational
how to fix,how to fix hole in wall drywall,8100,0.67,HIGH,informational
how to fix,how to fix a sleep schedule,8100,1.25,LOW,informational
how to fix,how to fix a sheetrock hole,8100,0.67,HIGH,informational
how to fix,how to fix a hole in your drywall,8100,0.67,HIGH,informational
how to fix,how to fix car scratch,8100,0.87,HIGH,informational
how to fix,how to fix a leaking bath tap,8100,1.37,LOW,informational
how to fix,how to fix ruptured disc,8100,3.98,LOW,informational
how to fix,how to fix a leaking faucet bathtub,8100,1.37,LOW,informational
how to fix,how to fix leaky bathtub faucet,8100,1.37,LOW,informational
how to fix,how to fix a chip on windshield,6600,2.08,HIGH,informational
how to fix,how to fix an.overbite,6600,11.11,LOW,informational
how to fix,how to fix my sleeping schedule,6600,2.01,LOW,informational
how to fix,how to fix a crack in a windshield,6600,2.08,HIGH,informational
how to fix,how to fix a hole in drywall,6600,0.81,HIGH,informational
how to fix,how to fix dish disposal,6600,1.3,MEDIUM,informational
how to fix,how to fix a chip in windshield,6600,2.08,HIGH,informational
how to fix,how to fix a sore lower back,6600,2.08,MEDIUM,informational
how to fix,how to fix overbite,6600,11.11,LOW,informational
how to fix,how to fix a toilet clog,6600,1.65,MEDIUM,informational
how to fix,how to fix holes on drywall,6600,0.81,HIGH,informational
how to fix,how to fix sink disposal,6600,1.3,MEDIUM,informational
how to fix,how to fix your sleeping schedule,6600,2.01,LOW,informational
how to fix,how to fix cracks on windshield,6600,2.08,HIGH,informational
how to fix,how to fix a crack in your windshield,6600,2.08,HIGH,informational
how to fix,how to fix a crack windshield,6600,2.08,HIGH,informational
how to fix,how to fix deviated nasal septum,6600,6.3,LOW,informational
how to fix,how to fix cracks in windshield,6600,2.08,HIGH,informational
how to fix,how to fix a hole in the wall drywall,6600,0.81,HIGH,informational
how to fix,how to fix a crack in my windshield,6600,2.08,HIGH,informational
how to fix,how to fix a car windshield crack,6600,2.08,HIGH,informational
how to fix,how to fix a deviated nasal septum,6600,6.3,LOW,informational
how to fix,how to fix a crack in windshield,6600,2.08,HIGH,informational
how to fix,how to fix a cracked windshield,6600,2.08,HIGH,informational
how to fix,how to fix a hole in a drywall,6600,0.81,HIGH,informational
how to fix,how much does it cost to fix a macbook screen,6600,2.35,LOW,informational
how to fix,how to fix a hole on drywall,6600,0.81,HIGH,informational
how to fix,how to fix a hole.in drywall,6600,0.81,HIGH,informational
how to fix,how to fix a garbage disposal,6600,1.3,MEDIUM,informational
how to fix,how to fix cracked windshields,6600,2.08,HIGH,informational
how to fix,how to fix a chipped windshield,6600,2.08,HIGH,informational
how to fix,how to fix sink disposal unit,6600,1.3,MEDIUM,informational
how to fix,how to fix piles,6600,0.98,LOW,informational
how to fix,how to fix a clogged toilet,6600,1.65,MEDIUM,informational
how to fix,how to fix the clogged toilet,6600,1.65,MEDIUM,informational
how to fix,how to fix tilted pelvis,6600,0.58,LOW,informational
how to fix,how to fix a chip in the windshield,6600,2.08,HIGH,informational
how to fix,how to fix an overbite,6600,11.11,LOW,informational
how to fix,how to fix chip on windshield,6600,2.08,HIGH,informational
how to fix,how to fix disposal,6600,1.3,MEDIUM,informational
how to fix,how to fix my cracked windshield,6600,2.08,HIGH,informational
how to fix,how to fix the garbage disposal,6600,1.3,MEDIUM,informational
how to fix,how to fix a pelvic tilt,6600,0.58,LOW,informational
how to fix,how to fix cracked windshield,6600,2.08,HIGH,informational
how to fix,how to fix lower back problems,6600,2.08,MEDIUM,informational
how to fix,how to fix crack windshield,6600,2.08,HIGH,informational
how to fix,how to fix windshield cracks,6600,2.08,HIGH,informational
how to fix,how to fix a waste disposal unit,6600,1.3,MEDIUM,informational
how to fix,how to fix clogged.toilet,6600,1.65,MEDIUM,informational
how to fix,how to fix my sleep schedule,6600,2.01,LOW,informational
how to fix,how to fix garburator,6600,1.3,MEDIUM,informational
how to fix,how to fix lower back ache,6600,2.08,MEDIUM,informational
how to fix,how to fix a crack in the windshield,6600,2.08,HIGH,informational
how to fix,how to fix toilet clog,6600,1.65,MEDIUM,informational
how to fix,how to fix a blocked toilet,6600,1.65,MEDIUM,informational
how to fix,how to fix cracks in windshields,6600,2.08,HIGH,informational
how to fix,how to fix windshield crack,6600,2.08,HIGH,informational
how to fix,how to fix insulin resistance,6600,2.48,LOW,informational
how to fix,how to fix a stopped toilet,6600,1.65,MEDIUM,informational
how to fix,how to fix lower back strain,6600,2.08,MEDIUM,informational
how to fix,how to fix an asymmetrical face,6600,2.67,LOW,informational
how to fix,how to fix crack on windshield,6600,2.08,HIGH,informational
how to fix,how to fix pelvic tilt,6600,0.58,LOW,informational
how to fix,how to fix crack in windshield,6600,2.08,HIGH,informational
how to fix,how to fix holes in drywall,6600,0.81,HIGH,informational
how to fix,how to fix a stuffed toilet,6600,1.65,MEDIUM,informational
how to fix,how to fix asymmetrical face,6600,2.67,LOW,informational
how to fix,how to fix a shattered windshield,6600,2.08,HIGH,informational
how to fix,how to fix your sleep.schedule,6600,2.01,LOW,informational
how to fix,how to fix a crack on windshield,6600,2.08,HIGH,informational
how to fix,how to fix clogged toilet bowl,6600,1.65,MEDIUM,informational
how to fix,how to fix tilted hips,6600,0.58,LOW,informational
how to fix,how to fix a tilted pelvis,6600,0.58,LOW,informational
how to fix,how to fix your sleep schedule,6600,2.01,LOW,informational
how to fix,how to fix throat pain,6600,0.48,LOW,informational
how to fix,how to fix chipped windshield,6600,2.08,HIGH,informational
how to fix,how to fix a hole in sheetrock,6600,0.81,HIGH,informational
how to fix,how to fix a chip on a windshield,6600,2.08,HIGH,informational
how to fix,how to fix a chip in a windshield,6600,2.08,HIGH,informational
how to fix,how to fix lower back pains,6600,2.08,MEDIUM,informational
how to fix,how to fix hole on drywall,6600,0.81,HIGH,informational
how to fix,how to fix a sink disposal,6600,1.3,MEDIUM,informational
how to fix,how to fix hole in drywall,6600,0.81,HIGH,informational
how to fix,how to fix cracks in your windshield,6600,2.08,HIGH,informational
how to fix,how to fix a deviated septum,6600,6.3,LOW,informational
how to fix,how to fix back problems lower,6600,2.08,MEDIUM,informational
how to fix,how to fix wall holes in drywall,6600,0.81,HIGH,informational
how to fix,how to fix a clogged toilet bowl,6600,1.65,MEDIUM,informational
how to fix,how to fix clogged toilet,6600,1.65,MEDIUM,informational
how to fix,how to fix deviated septum,6600,6.3,LOW,informational
how to fix,how to fix a toilet that is clogged,6600,1.65,MEDIUM,informational
how to fix,how to fix a crack in a car windshield,6600,2.08,HIGH,informational
how to fix,how to fix a windshield crack,6600,2.08,HIGH,informational
how to fix,how to fix toilet blockage,6600,1.65,MEDIUM,informational
how to fix,how to fix a crack on my windshield,6600,2.08,HIGH,informational
how to fix,how to fix and overbite,6600,11.11,LOW,informational
how to fix,how to fix a lower back ache,6600,2.08,MEDIUM,informational
how to fix,how to fix a stopped up toilet,6600,1.65,MEDIUM,informational
how to fix,how to fix the sink disposal,6600,1.3,MEDIUM,informational
how to fix,how to fix back pain lower,6600,2.08,MEDIUM,informational
how to fix,how to fix a clogged up toilet,6600,1.65,MEDIUM,informational
how to fix,how to fix sore lower back,6600,2.08,MEDIUM,informational
how to fix,how to fix a trash disposal,6600,1.3,MEDIUM,informational
how to fix,how to fix the drywall hole,6600,0.81,HIGH,informational
how to fix,how to fix a sore throat,6600,0.48,LOW,informational
how to fix,how to fix face asymmetry,6600,2.67,LOW,informational
how to fix,how to fix food disposal,6600,1.3,MEDIUM,informational
how to fix,how to fix clogged toilets,6600,1.65,MEDIUM,informational
how to fix,how to fix a cracked car windshield,6600,2.08,HIGH,informational
how to fix,how to fix blocked toilet,6600,1.65,MEDIUM,informational
how to fix,lower back hurts how to fix,6600,2.08,MEDIUM,informational
how to fix,how to garbage disposal fix,6600,1.3,MEDIUM,informational
how to fix,how to fix garbage disposal,6600,1.3,MEDIUM,informational
how to fix,how much does it cost to fix a mac screen,6600,2.35,LOW,informational
how to fix,how to fix garbage disposals,6600,1.3,MEDIUM,informational
how to fix,how to fix toilet bowl clogged,6600,1.65,MEDIUM,informational
how to fix,how to fix cracks in a windshield,6600,2.08,HIGH,informational
how to fix,how to fix a crack in car windshield,6600,2.08,HIGH,informational
how to fix,how to fix a hunch neck,5400,1,MEDIUM,informational
how to fix,how to fix broken nail,5400,0.35,HIGH,informational
how to fix,how to fix a leaking tap in the kitchen,5400,0.88,LOW,informational
how to fix,how to fix lazy eyelid,5400,4.19,LOW,informational
how to fix,how to fix stiff neck pain,5400,1.58,MEDIUM,informational
how to fix,how to fix a broken nail,5400,0.35,HIGH,informational
how to fix,how to fix broken fingernail,5400,0.35,HIGH,informational
how to fix,how to fix a stuffed up nose,5400,0.95,LOW,informational
how to fix,how to fix a ripped nail,5400,0.35,HIGH,informational
how to fix,how to fix neck ache,5400,1.58,MEDIUM,informational
how to fix,how to fix hunched neck,5400,1,MEDIUM,informational
how to fix,how to fix that,5400,0,LOW,informational
how to fix,how to fix neck hump,5400,1,MEDIUM,informational
how to fix,how to fix hair damage,5400,1.94,HIGH,informational
how to fix,how to fix a neck ache,5400,1.58,MEDIUM,informational
how to fix,how to fix hump in neck,5400,1,MEDIUM,informational
how to fix,how to fix a dry scalp,5400,2.44,HIGH,informational
how to fix,how to fix broken hair,5400,1.94,HIGH,informational
how to fix,how to fix a cracked fingernail,5400,0.35,HIGH,informational
how to fix,how to fix a hp computer,5400,0,LOW,informational
how to fix,how to fix stuffy nose,5400,0.95,LOW,informational
how to fix,how to fix a kitchen tap leak,5400,0.88,LOW,informational
how to fix,how to fix a kitchen faucet drip,5400,0.88,LOW,informational
how to fix,how to fix hammer toe,5400,0.54,HIGH,informational
how to fix,how to fix a lazy eye,5400,4.14,LOW,informational
how to fix,how to fix blocked nose,5400,0.95,LOW,informational
how to fix,how to fix damaged hair,5400,1.94,HIGH,informational
how to fix,how to fix hump on neck,5400,1,MEDIUM,informational
how to fix,how to fix a hammer toe,5400,0.54,HIGH,informational
how to fix,damaged hair how to fix,5400,1.94,HIGH,informational
how to fix,how to fix leaking tap in kitchen,5400,0.88,LOW,informational
how to fix,how to fix black spots on laptop screen,5400,0,LOW,informational
how to fix,how to fix dry scalp,5400,2.44,HIGH,informational
how to fix,how to fix ruined hair,5400,1.94,HIGH,informational
how to fix,how to fix a pinched nerve,5400,3.07,LOW,informational
how to fix,how to fix torn nail,5400,0.35,HIGH,informational
how to fix,how to fix kitchen faucet leak,5400,0.88,LOW,informational
how to fix,how to fix a leaky faucet kitchen,5400,0.88,LOW,informational
how to fix,how to fix lazy eyes,5400,4.14,LOW,informational
how to fix,how to fix leak kitchen faucet,5400,0.88,LOW,informational
how to fix,how to fix hunch neck,5400,1,MEDIUM,informational
how to fix,how to fix a leaky kitchen faucet,5400,0.88,LOW,informational
how to fix,how to fix very damaged hair,5400,1.94,HIGH,informational
how to fix,how to fix really damaged hair,5400,1.94,HIGH,informational
how to fix,how to fix leaky faucet kitchen,5400,0.88,LOW,informational
how to fix,how to fix a hunched neck,5400,1,MEDIUM,informational
how to fix,how to fix lazy eye,5400,4.19,LOW,informational
how to fix,how to fix extremely damaged hair,5400,1.94,HIGH,informational
how to fix,how to fix a dripping faucet in the kitchen,5400,0.88,LOW,informational
how to fix,how to fix a sciatica,5400,1.81,MEDIUM,informational
how to fix,how to fix a dripping faucet in kitchen,5400,0.88,LOW,informational
how to fix,how to fix black spot on laptop screen,5400,0,LOW,informational
how to fix,how to fix a tennis elbow,5400,0.7,HIGH,informational
how to fix,how to fix a clogged nose,5400,0.95,LOW,informational
how to fix,how to fix my damaged hair,5400,1.94,HIGH,informational
how to fix,how to fix a cracked nail,5400,0.35,HIGH,informational
how to fix,how to fix a leaking faucet kitchen,5400,0.88,LOW,informational
how to fix,how to fix plantar fascia,5400,0.83,HIGH,informational
how to fix,how to fix a neck hump,5400,1,MEDIUM,informational
how to fix,how to fix leaky kitchen tap,5400,0.88,LOW,informational
how to fix,how to fix kitchen faucet dripping,5400,0.88,LOW,informational
how to fix,how to fix a leaking kitchen faucet,5400,0.88,LOW,informational
how to fix,how to fix neck stiffness,5400,1.58,MEDIUM,informational
how to fix,how to fix a neck pain,5400,1.58,MEDIUM,informational
how to fix,how to fix a lazy eyelid,5400,4.14,LOW,informational
how to fix,how to fix a kitchen faucet leak,5400,0.88,LOW,informational
how to fix,how to fix leaky kitchen faucet,5400,0.88,LOW,informational
how to fix,how to fix dripping faucet kitchen,5400,0.88,LOW,informational
how to fix,how to fix leaking kitchen tap,5400,0.88,LOW,informational
how to fix,how to fix a sciatic pain,5400,1.81,MEDIUM,informational
how to fix,cracked nail how to fix,5400,0.35,HIGH,informational
how to fix,how to fix a stuffy nose,5400,0.95,LOW,informational
how to fix,how to fix a kitchen leaky faucet,5400,0.88,LOW,informational
how to fix,how to fix black mark on laptop screen,5400,0,LOW,informational
how to fix,how to fix tennis elbow,5400,0.7,HIGH,informational
how to fix,how to fix hammertoes,5400,0.54,HIGH,informational
how to fix,how to fix a leaky faucet in the kitchen,5400,0.88,LOW,informational
how to fix,how to fix a hammertoe,5400,0.54,HIGH,informational
how to fix,how to fix a leaking faucet in the kitchen,5400,0.88,LOW,informational
how to fix,how to fix a kitchen faucet that drips,5400,0.88,LOW,informational
how to fix,how to fix broken nails,5400,0.35,HIGH,informational
how to fix,how to fix a blocked nose,5400,0.95,LOW,informational
how to fix,how to fix a broken nail bed,5400,0.35,HIGH,informational
how to fix,how to fix a dripping faucet kitchen,5400,0.88,LOW,informational
how to fix,how to fix screen bleed,5400,0,LOW,informational
how to fix,how to fix this problem on my phone,5400,5.68,LOW,informational
how to fix,how to fix a broken natural nail,5400,0.35,HIGH,informational
how to fix,how to fix a stiff neck,5400,1.58,MEDIUM,informational
how to fix,how to fix dripping kitchen faucet,5400,0.88,LOW,informational
how to fix,how to fix a broken fingernail,5400,0.35,HIGH,informational
how to fix,how to fix a leaking kitchen tap,5400,0.88,LOW,informational
how to fix,how to fix screen bleeding,5400,0,LOW,informational
how to fix,how to fix a leaky kitchen tap,5400,0.88,LOW,informational
how to fix,how to fix dead hair,5400,1.94,HIGH,informational
how to fix,how to fix leaking faucet in kitchen,5400,0.88,LOW,informational
how to fix,how to fix broken fingernails,5400,0.35,HIGH,informational
how to fix,how to fix hump neck,5400,1,MEDIUM,informational
how to fix,how to fix kitchen faucet leaking,5400,0.88,LOW,informational
how to fix,how to fix hp computer,5400,0,LOW,informational
how to fix,how to fix a black spot on a laptop screen,5400,0,LOW,informational
how to fix,how to fix nasal congestion,5400,0.95,LOW,informational
how to fix,how to fix hammer toes,5400,0.54,HIGH,informational
how to fix,how to fix kitchen faucet drip,5400,0.88,LOW,informational
how to fix,how to fix stiff neck,5400,1.58,MEDIUM,informational
how to fix,how to fix a dripping kitchen faucet,5400,0.88,LOW,informational
how to fix,how to fix laptop screen black spots,5400,0,LOW,informational
how to fix,how to fix a tight neck,5400,1.58,MEDIUM,informational
how to fix,how to fix dents on cars,4400,1.29,HIGH,informational
how to fix,how much would it cost to fix a phone screen,4400,4.2,LOW,informational
how to fix,how to fix scratches on hardwood floors,4400,0.54,HIGH,informational
how to fix,how to fix a pc that is slow,4400,3.98,LOW,informational
how to fix,how to fix the wi fi,4400,2.75,LOW,informational
how to fix,how to fix lag computer,4400,3.98,LOW,informational
how to fix,how to fix scratches on hardwood floor,4400,0.54,HIGH,informational
how to fix,how much does it cost to fix phone screen,4400,4.2,LOW,informational
how to fix,offline printer how to fix,4400,5.13,LOW,informational
how to fix,how to fix dents in cars,4400,1.29,HIGH,informational
how to fix,how to fix backpack zipper,4400,0.5,LOW,informational
how to fix,how to fix a scratch on hardwood floor,4400,0.54,HIGH,informational
how to fix,how to fix chromebook,4400,3.37,LOW,informational
how to fix,how to fix a zipper from a backpack,4400,0.5,LOW,informational
how to fix,how to fix sore throat,4400,0.15,LOW,informational
how to fix,how to fix a dent,4400,1.29,HIGH,informational
how to fix,how to fix a scratch on a hardwood floor,4400,0.54,HIGH,informational
how to fix,how to fix a scratch in wood floor,4400,0.54,HIGH,informational
how to fix,how to fix scratches in hardwood floor,4400,0.54,HIGH,informational
how to fix,how to fix scratches in hardwood,4400,0.54,HIGH,informational
how to fix,how to fix a scratched wood floor,4400,0.54,HIGH,informational
how to fix,how to fix mushy rice,4400,0.02,LOW,informational
how to fix,how to fix dent on car,4400,1.29,HIGH,informational
how to fix,how to fix a chromebook,4400,3.37,LOW,informational
how to fix,how to fix a uti,4400,4.1,HIGH,informational
how to fix,how to fix horizontal lines on android phone,4400,0,LOW,informational
how to fix,how to fix a dented car,4400,1.29,HIGH,informational
how to fix,how to fix a zipper backpack,4400,0.5,LOW,informational
how to fix,flat feet how to fix,4400,0.77,MEDIUM,informational
how to fix,how to fix shin splints,4400,0.27,LOW,informational
how to fix,how to fix laggy computer,4400,3.98,LOW,informational
how to fix,how to fix a squeaking door,4400,0.23,LOW,informational
how to fix,how to fix a scratch on wooden floor,4400,0.54,HIGH,informational
how to fix,slow pc how to fix,4400,3.98,LOW,informational
how to fix,how to fix a scratched hardwood floor,4400,0.54,HIGH,informational
how to fix,how to fix a jammed thumb,4400,0.49,LOW,informational
how to fix,how to fix computer slowness,4400,3.98,LOW,informational
how to fix,how to fix a laggy computer,4400,3.98,LOW,informational
how to fix,how to fix the zipper on a backpack,4400,0.5,LOW,informational
how to fix,how to fix reflux,4400,1.55,LOW,informational
how to fix,how to fix car dents,4400,1.29,HIGH,informational
how to fix,how to fix laptop screen with horizontal lines,4400,0,LOW,informational
how to fix,how to fix lagging computer,4400,3.98,LOW,informational
how to fix,how to fix scratch in hardwood floor,4400,0.54,HIGH,informational
how to fix,how to fix wooden floor scratches,4400,0.54,HIGH,informational
how to fix,low iron how to fix,4400,1.17,LOW,informational
how to fix,how to fix scratched hardwood floor,4400,0.54,HIGH,informational
how to fix,how to fix a car dent,4400,1.29,HIGH,informational
how to fix,how to fix flat feet,4400,0.77,MEDIUM,informational
how to fix,how to fix a sluggish computer,4400,3.98,LOW,informational
how to fix,how to fix a dent on a car,4400,1.29,HIGH,informational
how to fix,how to fix sheetrock wall,4400,1.4,HIGH,informational
how to fix,how to fix horizontal line on laptop screen,4400,0,LOW,informational
how to fix,how to fix slow pc,4400,3.98,LOW,informational
how to fix,how much does it cost to fix,4400,0,LOW,informational
how to fix,how to fix a hp laptop,4400,2.37,LOW,informational
how to fix,how to fix a scratch in hardwood floor,4400,0.54,HIGH,informational
how to fix,how to fix a wooden floor scratch,4400,0.54,HIGH,informational
how to fix,how to fix dent on a car,4400,1.29,HIGH,informational
how to fix,sos only on iphone how to fix,4400,0.2,LOW,informational
how to fix,how to fix jammed thumb,4400,0.49,LOW,informational
how to fix,how to fix scratches on wood floors,4400,0.54,HIGH,informational
how to fix,how much do it cost to fix a phone screen,4400,4.2,LOW,informational
how to fix,how to fix ed,4400,6.25,HIGH,informational
how to fix,how to fix scratch in wood floor,4400,0.54,HIGH,informational
how to fix,how to fix a creaking door,4400,0.23,LOW,informational
how to fix,how to fix scratched hardwood floors,4400,0.54,HIGH,informational
how to fix,how to fix sheetrock,4400,1.4,HIGH,informational
how to fix,how to fix a wood floor scratch,4400,0.54,HIGH,informational
how to fix,how to fix hardwood floor scratches,4400,0.54,HIGH,informational
how to fix,how to fix dents on car,4400,1.29,HIGH,informational
how to fix,how to fix the drywall,4400,1.4,HIGH,informational
how to fix,how to fix an ed,4400,6.25,HIGH,informational
how to fix,how to fix scratch wooden floor,4400,0.54,HIGH,informational
how to fix,how to fix zippers on backpack,4400,0.5,LOW,informational
how to fix,how to fix a creaky door,4400,0.23,LOW,informational
how to fix,how to fix dent in car,4400,1.29,HIGH,informational
how to fix,how to fix your chromebook screen,4400,0,LOW,informational
how to fix,how to fix scratch wood floor,4400,0.54,HIGH,informational
how to fix,how to fix scratches on a wooden floor,4400,0.54,HIGH,informational
how to fix,how to fix the zipper,4400,0.23,LOW,informational
how to fix,how to fix scratches on hardwood flooring,4400,0.54,HIGH,informational
how to fix,how to fix a jammed finger,4400,0.49,LOW,informational
how to fix,how to fix dents on a car,4400,1.29,HIGH,informational
how to fix,how to fix dents in car,4400,1.29,HIGH,informational
how to fix,how to fix jammed finger,4400,0.49,LOW,informational
how to fix,how to fix gut health,4400,2.76,HIGH,informational
how to fix,how to fix backpack zippers,4400,0.5,LOW,informational
how to fix,how to fix car dent,4400,1.29,HIGH,informational
how to fix,how to fix a scoliosis,4400,3.14,LOW,informational
how to fix,how to fix a scratch on wood floors,4400,0.54,HIGH,informational
how to fix,how to fix a dent car,4400,1.29,HIGH,informational
how to fix,how to fix a scratch on wood floor,4400,0.54,HIGH,informational
how to fix,how to fix scratch on wood floors,4400,0.54,HIGH,informational
how to fix,how to fix a zipper on a backpack,4400,0.5,LOW,informational
how to fix,pc is slow how to fix,4400,3.98,LOW,informational
how to fix,how to fix a dent in a car,4400,1.29,HIGH,informational
how to fix,how to fix hardwood floors scratches,4400,0.54,HIGH,informational
how to fix,how to fix a flat foot,4400,0.77,MEDIUM,informational
how to fix,flat foot how to fix,4400,0.77,MEDIUM,informational
how to fix,how to fix scratches on wooden floor,4400,0.54,HIGH,informational
how to fix,how to fix a scratch in a hardwood floor,4400,0.54,HIGH,informational
how to fix,how to fix zipper,4400,0.23,LOW,informational
how to fix,how to fix horizontal lines on laptop screen,4400,0,LOW,informational
how to fix,how to fix scratch on wood floor,4400,0.54,HIGH,informational
how to fix,how to fix a scratched wooden floor,4400,0.54,HIGH,informational
how to fix,how to fix the wifi,4400,2.75,LOW,informational
how to fix,how to fix wifi,4400,2.75,LOW,informational
how to fix,how to fix low iron,4400,1.17,LOW,informational
how to fix,how to fix scratches in wooden floor,4400,0.54,HIGH,informational
how to fix,how to fix scratches on a hardwood floor,4400,0.54,HIGH,informational
how to fix,how to fix scratched wood floor,4400,0.54,HIGH,informational
how to fix,sos only on iphone: how to fix,4400,0.2,LOW,informational
how to fix,how to fix a scratch in a wood floor,4400,0.54,HIGH,informational
how to fix,how to fix scratched wooden floor,4400,0.54,HIGH,informational
how to fix,how to fix zippers on backpacks,4400,0.5,LOW,informational
how to fix,pc slow how to fix,4400,3.98,LOW,informational
how to fix,how to fix vertigo,4400,0.51,LOW,informational
how to fix,how to fix wood floor scratches,4400,0.54,HIGH,informational
how to fix,how to fix a slow pc,4400,3.98,LOW,informational
how to fix,how to fix a dent in car,4400,1.29,HIGH,informational
how to fix,how to fix a bow in minecraft,4400,0,LOW,informational
how to fix,how to fix pc slow,4400,3.98,LOW,informational
how to fix,how to fix e d,4400,6.25,HIGH,informational
how to fix,how to fix zipper on backpack,4400,0.5,LOW,informational
how to fix,how to fix zippers,4400,0.23,LOW,informational
how to fix,how to fix scratches in hardwood flooring,4400,0.54,HIGH,informational
how to fix,how to fix computer slow,4400,3.98,LOW,informational
how to fix,how to fix wireless internet,4400,2.75,LOW,informational
how to fix,how to fix stick drift on ps5 controller,4400,0.46,LOW,informational
how to fix,how to fix a vaginal prolapse,4400,1.55,LOW,informational
how to fix,how to fix a zipper on a book bag,4400,0.5,LOW,informational
how to fix,how to fix scratches in hardwood floors,4400,0.54,HIGH,informational
how to fix,how to fix a scratch on a wood floor,4400,0.54,HIGH,informational
how to fix,how to fix nicks in wood floor,4400,0.54,HIGH,informational
how to fix,how to fix a squeaky door,4400,0.23,LOW,informational
how to fix,how to fix uti,4400,4.1,HIGH,informational
how to fix,how to fix a zipper on backpack,4400,0.5,LOW,informational
how to fix,how to fix the wi-fi,4400,2.75,LOW,informational
how to fix,how to fix slow computer,4400,3.98,LOW,informational
how to fix,printer is offline how to fix,4400,5.13,LOW,informational
how to fix,how to fix drywall,4400,1.4,HIGH,informational
how to fix,how to fix a backpack zipper,4400,0.5,LOW,informational
how to fix,how to fix a dent on car,4400,1.29,HIGH,informational
how to fix,how to fix scratches on wood floor,4400,0.54,HIGH,informational
how to fix,how to fix scratches in wood floors,4400,0.54,HIGH,informational
how to fix,how to fix soggy rice,4400,0.02,LOW,informational
how to fix,how to fix dented car,4400,1.29,HIGH,informational
how to fix,how to fix scratches on wooden floors,4400,0.54,HIGH,informational
how to fix,how to fix a hardwood floor scratch,4400,0.54,HIGH,informational
how to fix,how much does it cost to fix a phone screen,4400,4.2,LOW,informational
how to fix,how to fix shin pain,4400,0.27,LOW,informational
how to fix,how to fix a scratch on a wooden floor,4400,0.54,HIGH,informational
how to fix,how to fix a slow computer,4400,3.98,LOW,informational
how to fix,how to fix a flat feet,4400,0.77,MEDIUM,informational
how to fix,how to fix dents,4400,1.29,HIGH,informational
how to fix,how to fix a scratch wood floor,4400,0.54,HIGH,informational
how to fix,how to fix a computer that is slow,4400,3.98,LOW,informational
how to fix,how to fix a urinary tract infection,4400,4.1,HIGH,informational
how to fix,how to fix the slow computer,4400,3.98,LOW,informational
how to fix,how to fix scratches in wood floor,4400,0.54,HIGH,informational
how to fix,how to fix a lagging computer,4400,3.98,LOW,informational
how to fix,how to fix a scraped rim,3600,0.47,HIGH,informational
how to fix,how to fix a cement crack,3600,1.77,HIGH,informational
how to fix,how to fix creaky floors,3600,0.37,MEDIUM,informational
how to fix,how to fix splitting nails,3600,0.54,HIGH,informational
how to fix,how to fix a leaking outdoor water faucet,3600,1.52,LOW,informational
how to fix,how to fix faucet drip,3600,0.56,LOW,informational
how to fix,how much to fix air conditioning in a car,3600,4.28,LOW,informational
how to fix,how to fix a crack in phone screen,3600,0.36,LOW,informational
how to fix,how to fix floor squeaks,3600,0.37,MEDIUM,informational
how to fix,how to fix a squeaky floorboard,3600,0.37,MEDIUM,informational
how to fix,how to fix a drip faucet,3600,0.56,LOW,informational
how to fix,how to fix cracks on a phone screen,3600,0.36,LOW,informational
how to fix,how to fix rim scratches,3600,0.47,HIGH,informational
how to fix,how much to fix car aircon,3600,4.28,LOW,informational
how to fix,how to fix a squeaking floor,3600,0.37,MEDIUM,informational
how to fix,how to fix cracks in phone screen,3600,0.36,LOW,informational
how to fix,how to fix a squeak in the floor,3600,0.37,MEDIUM,informational
how to fix,how to fix clogged ears,3600,0.28,MEDIUM,informational
how to fix,how to fix cracks in cement,3600,1.77,HIGH,informational
how to fix,how to fix a floor squeak,3600,0.37,MEDIUM,informational
how to fix,how to fix leaky faucet outside,3600,1.52,LOW,informational
how to fix,how to fix a leaking outside spigot,3600,1.52,LOW,informational
how to fix,how to fix leaking outside faucet,3600,1.52,LOW,informational
how to fix,how to fix leaking garden faucet,3600,1.52,LOW,informational
how to fix,how to fix creaking floor,3600,0.37,MEDIUM,informational
how to fix,how to fix screen cracks on a phone,3600,0.36,LOW,informational
how to fix,how to fix cracked nails,3600,0.54,HIGH,informational
how to fix,how to fix dripping outside faucet,3600,1.52,LOW,informational
how to fix,how to fix a leaky outdoor faucet,3600,1.52,LOW,informational
how to fix,how to fix cracked concrete,3600,1.77,HIGH,informational
how to fix,leaking faucet how to fix,3600,0.56,LOW,informational
how to fix,how to fix a laptop that will not turn on,3600,0,LOW,informational
how to fix,how to fix broken screen on phone,3600,0.36,LOW,informational
how to fix,how to fix a meniscus tear,3600,1.68,LOW,informational
how to fix,how to fix dry socket,3600,0.46,LOW,informational
how to fix,how to fix a scratched rim,3600,0.47,HIGH,informational
how to fix,how to fix split fingernail,3600,0.54,HIGH,informational
how to fix,how to fix a leaking faucet outside,3600,1.52,LOW,informational
how to fix,how to fix a tablet,3600,7.45,LOW,informational
how to fix,how to fix outside leaky faucet,3600,1.52,LOW,informational
how to fix,how to fix a scratch on your glasses,3600,0.54,MEDIUM,informational
how to fix,how to fix a chipped phone screen,3600,0.36,LOW,informational
how to fix,how to fix a drip in a faucet,3600,0.56,LOW,informational
how to fix,how to fix a ph imbalance,3600,1.7,MEDIUM,informational
how to fix,how much is it to fix car air conditioning,3600,4.28,LOW,informational
how to fix,how to fix a shattered phone screen,3600,0.36,LOW,informational
how to fix,how to fix creaking floorboards,3600,0.37,MEDIUM,informational
how to fix,how to fix leaking outdoor faucet,3600,1.52,LOW,informational
how to fix,how to fix scratch glasses,3600,0.54,MEDIUM,informational
how to fix,how to fix sherpa blankets,3600,0,LOW,informational
how to fix,how to fix your posture,3600,1.09,MEDIUM,informational
how to fix,how to fix halitosis,3600,1.37,MEDIUM,informational
how to fix,how much to fix car air conditioning,3600,4.28,LOW,informational
how to fix,how to fix leaking outdoor spigot,3600,1.52,LOW,informational
how to fix,how to fix split in nail,3600,0.54,HIGH,informational
how to fix,how much to fix an air conditioner in a car,3600,4.28,LOW,informational
how to fix,how to fix a dripping outside faucet,3600,1.52,LOW,informational
how to fix,how to fix a leaking outdoor tap,3600,1.52,LOW,informational
how to fix,how to fix blocked ear,3600,0.28,MEDIUM,informational
how to fix,how to fix squeaking floor,3600,0.37,MEDIUM,informational
how to fix,how to fix sleep apnoea,3600,4.04,HIGH,informational
how to fix,how to fix squeaking floors,3600,0.37,MEDIUM,informational
how to fix,how to fix phone screen cracks,3600,0.36,LOW,informational
how to fix,how to fix concrete cracks,3600,1.77,HIGH,informational
how to fix,how to fix tablets,3600,7.45,LOW,informational
how to fix,how to fix a phone screen that is cracked,3600,0.36,LOW,informational
how to fix,how to fix concrete crack,3600,1.77,HIGH,informational
how to fix,how much to fix an ac in a car,3600,4.28,LOW,informational
how to fix,how to fix a leaking outside tap,3600,1.52,LOW,informational
how to fix,how to fix eyeglass scratches,3600,0.54,MEDIUM,informational
how to fix,how to fix my posture,3600,1.08,MEDIUM,informational
how to fix,how much to fix the air conditioner in car,3600,4.28,LOW,informational
how to fix,how to fix a dry socket,3600,0.46,LOW,informational
how to fix,how to fix torn meniscus,3600,1.68,LOW,informational
how to fix,how much is it to fix air conditioner in car,3600,4.28,LOW,informational
how to fix,how to fix scratched eyeglasses,3600,0.54,MEDIUM,informational
how to fix,how to fix a frozen laptop,3600,0,LOW,informational
how to fix,how to fix scratch on rims,3600,0.47,HIGH,informational
how to fix,how to fix crack in cement,3600,1.77,HIGH,informational
how to fix,how much to fix ac in car,3600,4.28,LOW,informational
how to fix,how to fix a cracked phone screen,3600,0.36,LOW,informational
how to fix,how much to fix a c in car,3600,4.28,LOW,commercial
how to fix,how to fix forward head posture,3600,0.96,MEDIUM,informational
how to fix,how much to fix ac in a car,3600,4.28,LOW,informational
how to fix,how to fix split nails,3600,0.54,HIGH,informational
how to fix,how to fix scratched rims,3600,0.47,HIGH,informational
how to fix,how to fix cracked phone screen,3600,0.36,LOW,informational
how to fix,how to fix tablet,3600,7.45,LOW,informational
how to fix,how to fix head forward posture,3600,0.96,MEDIUM,informational
how to fix,how to fix a broken screen on a phone,3600,0.36,LOW,informational
how to fix,how to fix a stopped up ear,3600,0.28,MEDIUM,informational
how to fix,how much to fix air con in car,3600,4.28,LOW,informational
how to fix,how to fix stick drift xbox,3600,0.24,LOW,informational
how to fix,how to fix a leaking garden tap,3600,1.52,LOW,informational
how to fix,how to fix a leaky outdoor spigot,3600,1.52,LOW,informational
how to fix,how to fix a broken screen on phone,3600,0.36,LOW,informational
how to fix,how to fix the tablet,3600,7.45,LOW,informational
how to fix,how to fix a split fingernail,3600,0.54,HIGH,informational
how to fix,how much is it to fix ac in car,3600,4.28,LOW,informational
how to fix,how to fix the squeaky floor,3600,0.37,MEDIUM,informational
how to fix,faucet leaking how to fix,3600,0.56,LOW,informational
how to fix,how to fix scratches on rims,3600,0.47,HIGH,informational
how to fix,how to fix scratches in eyeglasses,3600,0.54,MEDIUM,informational
how to fix,how much to fix air conditioner in car,3600,4.28,LOW,informational
how to fix,how to fix a scratched car rim,3600,0.47,HIGH,informational
how to fix,how to fix a squeaky floor,3600,0.37,MEDIUM,informational
how to fix,how much is it to fix a car air conditioner,3600,4.28,LOW,informational
how to fix,how to fix leaky faucet outdoor,3600,1.52,LOW,informational
how to fix,how to fix a scratch rim,3600,0.47,HIGH,informational
how to fix,how to fix a cracked screen phone,3600,0.36,LOW,informational
how to fix,how to fix a smashed phone screen,3600,0.36,LOW,informational
how to fix,how to fix a laptop that won t turn on,3600,0,LOW,informational
how to fix,how to fix broken phone screen,3600,0.36,LOW,informational
how to fix,how to fix faucet dripping,3600,0.56,LOW,informational
how to fix,how much to fix a c car,3600,4.28,LOW,commercial
how to fix,how to fix a leaky garden tap,3600,1.52,LOW,informational
how to fix,how to fix scratched car rims,3600,0.47,HIGH,informational
how to fix,how to fix a blocked ear,3600,0.28,MEDIUM,informational
how to fix,how to fix squeaking floorboards,3600,0.37,MEDIUM,informational
how to fix,how to fix a leaky outside faucet,3600,1.52,LOW,informational
how to fix,how to fix a leaking exterior faucet,3600,1.52,LOW,informational
how to fix,how to fix a cracked screen on a phone,3600,0.36,LOW,informational
how to fix,how to fix chipped phone screen,3600,0.36,LOW,informational
how to fix,how to fix cracked fingernails,3600,0.54,HIGH,informational
how to fix,how to fix a forward head posture,3600,0.96,MEDIUM,informational
how to fix,how to fix squeaky floor,3600,0.37,MEDIUM,informational
how to fix,ipad is disabled connect to itunes how to fix,3600,0.03,LOW,informational
how to fix,how to fix a trigger thumb,3600,1.46,HIGH,informational
how to fix,how to fix creaking floors,3600,0.37,MEDIUM,informational
how to fix,how to fix cracked screen on phone,3600,0.36,LOW,informational
how to fix,how to fix cracked fingernail,3600,0.54,HIGH,informational
how to fix,how to fix a laptop that won't turn on,3600,0,LOW,informational
how to fix,how to fix squeaky flooring,3600,0.37,MEDIUM,informational
how to fix,how to fix phone screen crack,3600,0.36,LOW,informational
how to fix,how much to fix a ac in car,3600,4.28,LOW,informational
how to fix,how to fix a torn meniscus,3600,1.68,LOW,informational
how to fix,how to fix a scratched wheel,3600,0.47,HIGH,informational
how to fix,how to fix a scratched tire rim,3600,0.47,HIGH,informational
how to fix,how to fix forward head,3600,0.96,MEDIUM,informational
how to fix,how to fix a scratch in your glasses,3600,0.54,MEDIUM,informational
how to fix,how to fix a cracked finger nail,3600,0.54,HIGH,informational
how to fix,how to fix squeaky floors,3600,0.37,MEDIUM,informational
how to fix,how to fix eyeglasses scratches,3600,0.54,MEDIUM,informational
how to fix,how to fix broken phone screens,3600,0.36,LOW,informational
how to fix,how to fix car rim scratches,3600,0.47,HIGH,informational
how to fix,how to fix rounded shoulders,3600,1.35,LOW,informational
how to fix,how to fix a dripping outdoor faucet,3600,1.52,LOW,informational
how to fix,how to fix my bad posture,3600,1.08,MEDIUM,informational
how to fix,how to fix rim scuff,3600,0.47,HIGH,informational
how to fix,how to fix a leaky outdoor tap,3600,1.52,LOW,informational
how to fix,how to fix a leaking garden faucet,3600,1.52,LOW,informational
how to fix,how to fix cement cracks,3600,1.77,HIGH,informational
how to fix,how to fix ph balance,3600,1.7,MEDIUM,informational
how to fix,how to fix split fingernails,3600,0.54,HIGH,informational
how to fix,how to fix stick drift on xbox controller,3600,0.22,LOW,informational
how to fix,how to fix cracking concrete,3600,1.77,HIGH,informational
how to fix,how much to fix car ac,3600,4.28,LOW,informational
how to fix,how to fix trigger finger,3600,1.46,HIGH,informational
how to fix,how to fix outdoor leaky faucet,3600,1.52,LOW,informational
how to fix,how to fix crack phone screen,3600,0.36,LOW,informational
how to fix,how to fix leaky garden faucet,3600,1.52,LOW,informational
how to fix,crack in nail how to fix,3600,0.54,HIGH,informational
how to fix,how to fix a trigger finger,3600,1.46,HIGH,informational
how to fix,how to fix a outdoor leaky faucet,3600,1.52,LOW,informational
how to fix,how to fix zipper that came off one side,3600,0.48,LOW,informational
how to fix,how to fix trigger thumb,3600,1.46,HIGH,informational
how to fix,how to fix leaking faucet outside,3600,1.52,LOW,informational
how to fix,how to fix wheel rim scratches,3600,0.47,HIGH,informational
how to fix,how to fix outdoor faucet leak,3600,1.52,LOW,informational
how to fix,how to fix scraped rims,3600,0.47,HIGH,informational
how to fix,how to fix scratches on my glasses,3600,0.54,MEDIUM,informational
how to fix,how to fix nail splitting,3600,0.54,HIGH,informational
how to fix,how to fix ear blockage,3600,0.28,MEDIUM,informational
how to fix,how to fix a dripping faucet outside,3600,1.52,LOW,informational
how to fix,how to fix a cracked screen on your phone,3600,0.36,LOW,informational
how to fix,how to fix outdoor faucet drip,3600,1.52,LOW,informational
how to fix,how to fix broken display on phone,3600,0.36,LOW,informational
how to fix,how much is it to fix ac in a car,3600,4.28,LOW,informational
how to fix,how much to fix a car ac,3600,4.28,LOW,informational
how to fix,how to fix phone screen damage,3600,0.36,LOW,informational
how to fix,how to fix a crack in concrete,3600,1.77,HIGH,informational
how to fix,how to fix water faucet leak,3600,0.56,LOW,informational
how to fix,how to fix scratches on car wheels,3600,0.47,HIGH,informational
how to fix,how to fix rims scratches,3600,0.47,HIGH,informational
how to fix,how to fix glasses with scratches,3600,0.54,MEDIUM,informational
how to fix,how to fix a leaking outside faucet,3600,1.52,LOW,informational
how to fix,how to fix a stuffy ear,3600,0.28,MEDIUM,informational
how to fix,how to fix scratch in eyeglasses,3600,0.54,MEDIUM,informational
how to fix,how to fix scratch rims,3600,0.47,HIGH,informational
how to fix,how to fix scratches rims,3600,0.47,HIGH,informational
how to fix,how much to fix air conditioning in car,3600,4.28,LOW,informational
how to fix,how much is to fix ac of a car,3600,4.28,LOW,informational
how to fix,how to fix cracks in concrete,3600,1.77,HIGH,informational
how to fix,how to fix glasses scratches,3600,0.54,MEDIUM,informational
how to fix,how to fix a crack on phone screen,3600,0.36,LOW,informational
how to fix,how to fix a creaking floor,3600,0.37,MEDIUM,informational
how to fix,how to fix outdoor spigot leak,3600,1.52,LOW,informational
how to fix,how to fix a cracked screen on phone,3600,0.36,LOW,informational
how to fix,how to fix scratched wheel rims,3600,0.47,HIGH,informational
how to fix,how to fix low blood sugar,3600,1.81,LOW,informational
how to fix,how to fix scratches on your glasses,3600,0.54,MEDIUM,informational
how to fix,how much to fix a car air conditioner,3600,4.28,LOW,informational
how to fix,how to fix a dripping faucet,3600,0.56,LOW,informational
how to fix,how to fix squeaky floorboards,3600,0.37,MEDIUM,informational
how to fix,how to fix cracked screens on phones,3600,0.36,LOW,informational
how to fix,how to fix a leaky exterior faucet,3600,1.52,LOW,informational
how to fix,how to fix anemia,3600,1.61,LOW,informational
how to fix,how to fix a clogged ear,3600,0.28,MEDIUM,informational
how to fix,how to fix cracks on phone screen,3600,0.36,LOW,informational
how to fix,how to fix sherpa blanket,3600,0,LOW,informational
how to fix,how to fix cracked cement,3600,1.77,HIGH,informational
how to fix,how to fix scraped rim,3600,0.47,HIGH,informational
how to fix,how much to fix car air conditioner,3600,4.28,LOW,informational
how to fix,how to fix scratched rim,3600,0.47,HIGH,informational
how to fix,how much is it to fix a c in car,3600,4.28,LOW,informational
how to fix,how to fix floors that squeak,3600,0.37,MEDIUM,informational
how to fix,how to fix a leaky garden faucet,3600,1.52,LOW,informational
how to fix,how to fix carpal tunnel,3600,0.83,MEDIUM,informational
how to fix,how to fix crack in phone screen,3600,0.36,LOW,informational
how to fix,how to fix a scratch in glasses,3600,0.54,MEDIUM,informational
how to fix,how to fix phone screen cracked,3600,0.36,LOW,informational
how to fix,how to fix a leaky outdoor water faucet,3600,1.52,LOW,informational
how to fix,how to fix an hp laptop,3600,0.94,LOW,informational
how to fix,how to fix clogged ear,3600,0.28,MEDIUM,informational
how to fix,how much to fix aircon in car,3600,4.28,LOW,informational
how to fix,how to fix a crack screen phone,3600,0.36,LOW,informational
how to fix,leaky faucet how to fix,3600,0.56,LOW,informational
how to fix,how to fix scratched glasses,3600,0.54,MEDIUM,informational
how to fix,how to fix crack on phone screen,3600,0.36,LOW,informational
how to fix,how to fix head posture,3600,0.96,MEDIUM,informational
how to fix,how to fix hp laptop,3600,0.94,LOW,informational
how to fix,how to fix a leaky faucet outside,3600,1.52,LOW,informational
how to fix,how to fix a scratch on glasses,3600,0.54,MEDIUM,informational
how to fix,how to fix bad breath,3600,1.37,MEDIUM,informational
how to fix,how to fix crack cement,3600,1.77,HIGH,informational
how to fix,how to fix tech neck,3600,0.69,MEDIUM,informational
how to fix,how to fix a split nail bed,3600,0.54,HIGH,informational
how to fix,how to fix a split nail,3600,0.54,HIGH,informational
how to fix,how much to fix ac car,3600,4.28,LOW,informational
how to fix,how to fix dripping outdoor faucet,3600,1.52,LOW,informational
how to fix,how to fix a scratched wheel rim,3600,0.47,HIGH,informational
how to fix,how to fix split nail,3600,0.54,HIGH,informational
how to fix,how much to fix a/c in car,3600,4.28,LOW,informational
how to fix,how to fix outside faucet from leaking,3600,1.52,LOW,informational
how to fix,how to fix shattered phone screen,3600,0.36,LOW,informational
how to fix,how to fix cracked smartphone screen,3600,0.36,LOW,informational
how to fix,how much to fix ac on car,3600,4.28,LOW,informational
how to fix,how to fix bunions,3600,0.78,HIGH,informational
how to fix,how to fix laptop not turning on,3600,0,LOW,informational
how to fix,how to fix a cracked tooth naturally,2900,5.53,MEDIUM,informational
how to fix,how to fix toilet leaks,2900,1.25,MEDIUM,informational
how to fix,how much is it to fix iphone screen,2900,3.5,LOW,informational
how to fix,how to fix hangover,2900,0.37,LOW,informational
how to fix,how to fix a cracked tv screen,2900,2.25,LOW,informational
how to fix,how much to fix the transmission,2900,7.96,LOW,informational
how to fix,how to fix laptop dead pixels,2900,0,LOW,informational
how to fix,how to fix a hole in door,2900,0.73,MEDIUM,informational
how to fix,how to fix hormonal imbalances,2900,2.83,MEDIUM,informational
how to fix,how to fix muffler leak,2900,0.45,MEDIUM,informational
how to fix,how to fix broken television screen,2900,2.25,LOW,informational
how to fix,how to fix a dislocated shoulder,2900,2.3,LOW,informational
how to fix,how to fix a cracked screen on a tv,2900,2.25,LOW,informational
how to fix,how to fix broken macbook screen,2900,3.32,LOW,informational
how to fix,how to fix hole in door,2900,0.73,MEDIUM,informational
how to fix,how to fix cracked teeth naturally,2900,5.53,MEDIUM,informational
how to fix,how to fix a zipper that came off one side,2900,0.36,LOW,informational
how to fix,how much to fix a radiator leak,2900,10.01,LOW,informational
how to fix,how to fix auto paint chips,2900,1.55,HIGH,informational
how to fix,how to fix toilet leaking,2900,1.25,MEDIUM,informational
how to fix,how to fix a leaking toilet,2900,1.25,MEDIUM,informational
how to fix,how to fix ab separation,2900,1.98,LOW,informational
how to fix,how to fix drooping eyelid,2900,1.89,HIGH,informational
how to fix,how to fix a zipper off track,2900,0.1,LOW,informational
how to fix,how to fix leaking toilets,2900,1.25,MEDIUM,informational
how to fix,how to fix zipper off track,2900,0.1,LOW,informational
how to fix,how to fix numb hands,2900,3.04,LOW,informational
how to fix,how to fix imbalanced hormones,2900,2.83,MEDIUM,informational
how to fix,how to fix leaky toilet,2900,1.25,MEDIUM,informational
how to fix,how to fix a prolapsed bladder without surgery,2900,1.6,LOW,informational
how to fix,how to fix droopy eyelids,2900,1.89,HIGH,informational
how to fix,how much is it to fix a transmission,2900,7.96,LOW,informational
how to fix,how to fix a toilet bowl leak,2900,1.25,MEDIUM,informational
how to fix,how to fix baggy eyes,2900,2.08,HIGH,informational
how to fix,how to fix chipped paint on car,2900,1.55,HIGH,informational
how to fix,how to fix chipped paint on a car,2900,1.55,HIGH,informational
how to fix,how to fix a hole in the door,2900,0.73,MEDIUM,informational
how to fix,how to fix a hormonal imbalance,2900,2.83,MEDIUM,informational
how to fix,how to fix exhaust pipe leak,2900,0.45,MEDIUM,informational
how to fix,how to fix broken pixels on laptop,2900,0,LOW,informational
how to fix,how to fix an exhaust pipe leak,2900,0.45,MEDIUM,informational
how to fix,how to fix chips in paint on car,2900,1.55,HIGH,informational
how to fix,how much to fix coolant leak,2900,10.01,LOW,informational
how to fix,how to fix a ingrown hair,2900,0.82,MEDIUM,informational
how to fix,how to fix stomach aches,2900,1.55,LOW,informational
how to fix,how to fix an exhaust leak,2900,0.45,MEDIUM,informational
how to fix,how to fix a shoulder impingement,2900,1.01,LOW,informational
how to fix,how to fix leak in toilet bowl,2900,1.25,MEDIUM,informational
how to fix,how to fix split ends,2900,0.93,MEDIUM,informational
how to fix,how to fix dislocated shoulder,2900,2.3,LOW,informational
how to fix,how to fix a smashed tv screen,2900,2.25,LOW,informational
how to fix,how much to fix a transmission,2900,7.96,LOW,informational
how to fix,how to fix yellow poop,2900,5.85,LOW,informational
how to fix,how to fix drooping eyelids,2900,1.89,HIGH,informational
how to fix,how to fix hair thinning,2900,6.39,HIGH,informational
how to fix,how to fix punctured tire,2900,1.6,LOW,informational
how to fix,how to fix car paint chips,2900,1.55,HIGH,informational
how to fix,how to fix pinched nerve,2900,3.98,LOW,informational
how to fix,how to fix eye bags,2900,1.28,MEDIUM,informational
how to fix,how to fix paint chips in car,2900,1.55,HIGH,informational
how to fix,how to fix a toilet that leaks,2900,1.25,MEDIUM,informational
how to fix,how to fix flat tires,2900,1.6,LOW,informational
how to fix,how to fix doors with holes,2900,0.73,MEDIUM,informational
how to fix,how to fix and exhaust leak,2900,0.45,MEDIUM,informational
how to fix,how to fix a hangover,2900,0.37,LOW,informational
how to fix,how to fix cortisol levels,2900,1.09,HIGH,informational
how to fix,how much to fix engine coolant leak,2900,10.01,LOW,informational
how to fix,how to fix imbalance hormones,2900,2.83,MEDIUM,informational
how to fix,how to fix balding hair,2900,6.39,HIGH,informational
how to fix,how to fix abdominal diastasis,2900,1.98,LOW,informational
how to fix,how to fix deviated septum without surgery,2900,4.05,LOW,informational
how to fix,how to fix a diastasis recti,2900,1.98,LOW,informational
how to fix,how to fix paint chips car,2900,1.55,HIGH,informational
how to fix,how to fix bags under eyes,2900,2.08,HIGH,informational
how to fix,how to fix paint chips on cars,2900,1.55,HIGH,informational
how to fix,how to fix a toilet leak,2900,1.25,MEDIUM,informational
how to fix,how to fix thinning hair,2900,6.39,HIGH,informational
how to fix,how to fix leaky toilet bowl,2900,1.25,MEDIUM,informational
how to fix,how to fix a tv screen crack,2900,2.25,LOW,informational
how to fix,how to fix knock knees,2900,0.19,LOW,informational
how to fix,how to fix a cracked screen tv,2900,2.25,LOW,informational
how to fix,how to fix thin hair,2900,6.39,HIGH,informational
how to fix,how to fix exhaust leaks,2900,0.45,MEDIUM,informational
how to fix,how to fix belly ache,2900,1.55,LOW,informational
how to fix,how to fix paint chips on car,2900,1.55,HIGH,informational
how to fix,how to fix numb hand,2900,3.04,LOW,informational
how to fix,how to fix a hole on a door,2900,0.73,MEDIUM,informational
how to fix,how to fix high cortisol,2900,1.11,HIGH,informational
how to fix,how to fix tv screen,2900,2.25,LOW,informational
how to fix,how to fix broken tv screen,2900,2.25,LOW,informational
how to fix,how to fix diastasis recti,2900,1.98,LOW,informational
how to fix,how to fix thinning hairline,2900,6.39,HIGH,informational
how to fix,how to fix chipping car paint,2900,1.55,HIGH,informational
how to fix,how to fix blue spots on phone screen,2900,0,LOW,informational
how to fix,how to fix droopy eyelid,2900,1.89,HIGH,informational
how to fix,how to fix paint chips on a car,2900,1.55,HIGH,informational
how to fix,how to fix a crack screen tv,2900,2.25,LOW,informational
how to fix,how to fix a shattered tv screen,2900,2.25,LOW,informational
how to fix,how to fix a heartburn,2900,0.65,LOW,informational
how to fix,how to fix a deviated septum without surgery,2900,4.05,LOW,informational
how to fix,how to fix off track zipper,2900,0.1,LOW,informational
how to fix,how to fix tire puncture,2900,1.6,LOW,informational
how to fix,how to fix crack in tv screen,2900,2.25,LOW,informational
how to get rid of,how to get rid of hiccup,165000,0.09,LOW,informational
how to get rid of,how to get rid of hiccups,165000,0.09,LOW,informational
how to get rid of,how to get rid of fruit fruit flies,135000,0.2,HIGH,informational
how to get rid of,how to get rid of flies and fruit flies,135000,0.2,HIGH,informational
how to get rid of,how to get rid of fruit mosquitoes,135000,0.2,HIGH,informational
how to get rid of,how to i get rid of fruit flies,135000,0.2,HIGH,informational
how to get rid of,how to get rid of fruit flies,135000,0.2,HIGH,informational
how to get rid of,how to get rid of fruit flies and flies,135000,0.2,HIGH,informational
how to get rid of,how to get rid of fruit fly,135000,0.2,HIGH,informational
how to get rid of,how to get rid rid of fruit flies,135000,0.2,HIGH,informational
how to get rid of,how how to get rid of fruit flies,135000,0.2,HIGH,informational
how to get rid of,how to get rid of vinegar flies,135000,0.2,HIGH,informational
how to get rid of,how to get rid of rid of fruit flies,135000,0.2,HIGH,informational
how to get rid of,how to get rid of a fruit flies,135000,0.2,HIGH,informational
how to get rid of,how to get rid of a fruit fly,135000,0.2,HIGH,informational
how to get rid of,how to get get rid of fruit flies,135000,0.2,HIGH,informational
how to get rid of,how to to get rid of fruit flies,135000,0.2,HIGH,informational
how to get rid of,how to get rid of gnat,110000,0.35,HIGH,informational
how to get rid of,how to get rid of a gnat,110000,0.35,HIGH,informational
how to get rid of,how to get rid of gnats,110000,0.35,HIGH,informational
how to get rid of,how to get rid of bed bed bugs,90500,3.38,HIGH,informational
how to get rid of,how to to get rid of bed bugs,90500,3.38,HIGH,informational
how to get rid of,how to get get rid of bed bugs,90500,3.38,HIGH,informational
how to get rid of,how to get rid of bed bug,90500,3.38,HIGH,informational
how to get rid of,how to get rid of from bed bugs,90500,3.38,HIGH,informational
how to get rid of,how to get rid of bed bugs from bed,90500,3.38,HIGH,informational
how to get rid of,how to get rid of bed bugs in bed,90500,3.38,HIGH,informational
how to get rid of,how to get rid of bed bugs in the bed,90500,3.38,HIGH,informational
how to get rid of,how to get rid of of bed bugs,90500,3.38,HIGH,informational
how to get rid of,how to i get rid of bed bugs,90500,3.38,HIGH,informational
how to get rid of,how to get rid of bed bugs bed bugs,90500,3.38,HIGH,informational
how to get rid of,how how to get rid of bed bugs,90500,3.38,HIGH,informational
how to get rid of,how to get rid of a hemorrhoids,90500,0.7,MEDIUM,informational
how to get rid of,how to get rid of bed bugs on bed,90500,3.38,HIGH,informational
how to get rid of,how to get rid of bed bugs on a bed,90500,3.38,HIGH,informational
how to get rid of,how to get rid of bed insects,90500,3.38,HIGH,informational
how to get rid of,how to get rid of the bed bugs,90500,3.38,HIGH,informational
how to get rid of,how to get rid of a hemorrhoid,90500,0.7,MEDIUM,informational
how to get rid of,how to get rid of bug bed bugs,90500,3.38,HIGH,informational
how to get rid of,how to get rid of bed bugs in a bed,90500,3.38,HIGH,informational
how to get rid of,how to get rid of bed bugs,90500,3.38,HIGH,informational
how to get rid of,how to get rid of chinches bed bugs,90500,3.38,HIGH,informational
how to get rid of,how to get rid of bugs from bed,90500,3.38,HIGH,informational
how to get rid of,how to get rid rid of bed bugs,90500,3.38,HIGH,informational
how to get rid of,how to get rid of bug beds,90500,3.38,HIGH,informational
how to get rid of,how to get rid of chinches,90500,3.38,HIGH,informational
how to get rid of,how to get rid of tonsilloliths,74000,0.62,LOW,informational
how to get rid of,how to get rid of to tonsil stones,74000,0.62,LOW,informational
how to get rid of,how to get rid of tonsil stones,74000,0.62,LOW,informational
how to get rid of,how to get rid of a tonsil stone,74000,0.62,LOW,informational
how to get rid of,how to get rid of a hordeolum,60500,0.53,MEDIUM,informational
how to get rid of,how to get rid of dandruff,60500,2.42,HIGH,informational
how to get rid of,how to get get rid of a stye,60500,0.53,MEDIUM,informational
how to get rid of,how to get rid of a sty,60500,0.53,MEDIUM,informational
how to get rid of,how to get get rid of canker sores,60500,0.28,MEDIUM,informational
how to get rid of,how to to get rid of dandruff,60500,2.42,HIGH,informational
how to get rid of,how to get rid of caspa,60500,2.42,HIGH,informational
how to get rid of,how to get rid of a stye,60500,0.53,MEDIUM,informational
how to get rid of,how to get rid of canker sores,60500,0.28,MEDIUM,informational
how to get rid of,how to get rid of from dandruff,60500,2.42,HIGH,informational
how to get rid of,how to get rid of a star on your eye,60500,0.53,MEDIUM,informational
how to get rid of,how to get rid of canker sore,60500,0.28,MEDIUM,informational
how to get rid of,how to get get rid of dandruff,60500,2.42,HIGH,informational
how to get rid of,how to get rid of dandruffs,60500,2.42,HIGH,informational
how to get rid of,how to get rid of the dandruff,60500,2.42,HIGH,informational
how to get rid of,how to get rid of a flea,49500,2.42,HIGH,informational
how to get rid of,how to get rid of flea,49500,2.42,HIGH,informational
how to get rid of,how to get rid of eye bags and puffiness,49500,1.57,MEDIUM,informational
how to get rid of,how to get rid rid of fleas,49500,2.42,HIGH,informational
how to get rid of,how to get get rid of fleas,49500,2.42,HIGH,informational
how to get rid of,how to get rid rid of ants,49500,0.88,HIGH,informational
how to get rid of,how to get rid of the fleas,49500,2.42,HIGH,informational
how to get rid of,how to get rid of ants,49500,0.88,HIGH,informational
how to get rid of,how to get rid of bags on eyes,49500,1.57,MEDIUM,informational
how to get rid of,how to get rid of puffiness around eyes,49500,1.57,MEDIUM,informational
how to get rid of,how to get a rid of fleas,49500,2.42,HIGH,informational
how to get rid of,how to get get rid of ants,49500,0.88,HIGH,informational
how to get rid of,how to get rid of fleas,49500,2.42,HIGH,informational
how to get rid of,how to to get rid of ants,49500,0.88,HIGH,informational
how to get rid of,how to get rid of eye bag,49500,1.57,MEDIUM,informational
how to get rid of,how to get rid of the eye bags,49500,1.57,MEDIUM,informational
how to get rid of,how to get rid of it,49500,0,LOW,informational
how to get rid of,how to get rid of eye puffiness,49500,1.57,MEDIUM,informational
how to get rid of,how to get get rid of eye bags,49500,1.57,MEDIUM,informational
how to get rid of,how to to get rid of fleas,49500,2.42,HIGH,informational
how to get rid of,how to get rid of bags eyes,49500,1.57,MEDIUM,informational
how to get rid of,how to get rid of puffiness around the eyes,49500,1.57,MEDIUM,informational
how to get rid of,how to get rid of eye bags,49500,1.57,MEDIUM,informational
how to get rid of,how to to get rid of blackheads,40500,0.97,HIGH,informational
how to get rid of,how to get rid of throat soreness,40500,0.43,LOW,informational
how to get rid of,how to get get rid of sore throat,40500,0.43,LOW,informational
how to get rid of,how to get get rid of blackheads,40500,0.97,HIGH,informational
how to get rid of,how to to get rid of sore throat,40500,0.43,LOW,informational
how to get rid of,scars from pimples how to get rid of,40500,2.68,HIGH,informational
how to get rid of,how to get rid of throat pain,40500,0.43,LOW,informational
how to get rid of,how to get rid of blackheads,40500,0.97,HIGH,informational
how to get rid of,how to i get rid of a sore throat,40500,0.43,LOW,informational
how to get rid of,how to to get rid of a sore throat,40500,0.43,LOW,informational
how to get rid of,how to get rid of a skin tag,40500,0.44,HIGH,informational
how to get rid of,how to get rid of a sore throat,40500,0.43,LOW,informational
how to get rid of,how to get rid of a heartburn,40500,0.69,LOW,informational
how to get rid of,how to get rid of hickey,40500,0.07,LOW,informational
how to get rid of,how to get rid of a throat ache,40500,0.43,LOW,informational
how to get rid of,how to get rid of pimple.scars,40500,2.68,HIGH,informational
how to get rid of,how to get rid of the sore throat,40500,0.43,LOW,informational
how to get rid of,how to get rid of a throat pain,40500,0.43,LOW,informational
how to get rid of,how to get rid of the scars from pimples,40500,2.68,HIGH,informational
how to get rid of,how to get rid of of a sore throat,40500,0.43,LOW,informational
how to get rid of,how to get rid of sore throat pain,40500,0.43,LOW,informational
how to get rid of,how to get rid of pimple scarring,40500,2.68,HIGH,informational
how to get rid of,how to get rid of the blackheads,40500,0.97,HIGH,informational
how to get rid of,how to get rid of pimple scar,40500,2.68,HIGH,informational
how to get rid of,how to get rid of a blackhead,40500,0.97,HIGH,informational
how to get rid of,how to get get rid of a sore throat,40500,0.43,LOW,informational
how to get rid of,how to get rid of heartburn,40500,0.69,LOW,informational
how to get rid of,how to get rid of blackhead,40500,0.97,HIGH,informational
how to get rid of,how to get rid of a hickey,40500,0.05,LOW,informational
how to get rid of,how to get rid of the skin tags,40500,0.44,HIGH,informational
how to get rid of,how to get rid of love bite,40500,0.05,LOW,informational
how to get rid of,how to get rid of love bites,40500,0.05,LOW,informational
how to get rid of,how to get rid of hickeys,40500,0.07,LOW,informational
how to get rid of,how to get rid of pimple scars,40500,2.68,HIGH,informational
how to get rid of,how to get rid of stink bug,33100,0.58,MEDIUM,informational
how to get rid of,how to get rid of a stye in one day,33100,0.79,HIGH,informational
how to get rid of,how to get rid of house mouse,33100,3.31,HIGH,informational
how to get rid of,how to get rid of,33100,7.5,LOW,informational
how to get rid of,how to get rid of a headache,33100,3.78,MEDIUM,informational
how to get rid of,how to to get rid of double chin,33100,2.25,MEDIUM,informational
how to get rid of,how to to get rid of headaches,33100,3.78,MEDIUM,informational
how to get rid of,how to get rid of a stye overnight,33100,0.79,HIGH,informational
how to get rid of,how to get rid of oil stains on clothes,33100,0.47,MEDIUM,informational
how to get rid of,how to get rid of double chins,33100,2.25,MEDIUM,informational
how to get rid of,how to get rid of gnats inside,33100,0.36,HIGH,informational
how to get rid of,how to to get rid of mice,33100,3.31,HIGH,informational
how to get rid of,how to get rid of stink beetle,33100,0.58,MEDIUM,informational
how to get rid of,how to get get rid of a double chin,33100,2.25,MEDIUM,informational
how to get rid of,how to get rid of a stink bug,33100,0.58,MEDIUM,informational
how to get rid of,how to get rid of the ringworm,33100,0.48,MEDIUM,informational
how to get rid of,how to get rid of a house mouse,33100,3.31,HIGH,informational
how to get rid of,how to get rid of this headache,33100,3.78,MEDIUM,informational
how to get rid of,how to get rid of gnats in house,33100,0.36,HIGH,informational
how to get rid of,how to get rid of chin,33100,2.25,MEDIUM,informational
how to get rid of,how to get rid of them,33100,9.62,LOW,informational
how to get rid of,how to get rid of gnats in,33100,0.36,HIGH,informational
how to get rid of,how to get rid of a stye on eyelid fast,33100,0.79,HIGH,informational
how to get rid of,how to get rid of the double chin,33100,2.25,MEDIUM,informational
how to get rid of,how to get rid of mice,33100,3.31,HIGH,informational
how to get rid of,how to get rid of of a headache,33100,3.78,MEDIUM,informational
how to get rid of,how to get rid of ringworm,33100,0.48,MEDIUM,informational
how to get rid of,mouse how to get rid of,33100,3.31,HIGH,informational
how to get rid of,how to get rid of gnats inside the house,33100,0.36,HIGH,informational
how to get rid of,how to get rid of a chin,33100,2.25,MEDIUM,informational
how to get rid of,how to get rid of stink bugs,33100,0.58,MEDIUM,informational
how to get rid of,how to to get rid of a headache,33100,3.78,MEDIUM,informational
how to get rid of,how to get rid of the stink bug,33100,0.58,MEDIUM,informational
how to get rid of,house mouse how to get rid of,33100,3.31,HIGH,informational
how to get rid of,how to get rid of double chin,33100,2.25,MEDIUM,informational
how to get rid of,how to get rid of stye overnight,33100,0.79,HIGH,informational
how to get rid of,how to get rid of gnats inside house,33100,0.36,HIGH,informational
how to get rid of,how to get rid of oil stain on clothing,33100,0.47,MEDIUM,informational
how to get rid of,how to get get rid of headaches,33100,3.78,MEDIUM,informational
how to get rid of,how to to get rid of a double chin,33100,2.25,MEDIUM,informational
how to get rid of,how to get rid of a stripped screw,33100,0.11,HIGH,informational
how to get rid of,how to get rid of mouses,33100,3.31,HIGH,informational
how to get rid of,how to get rid of gnats at home,33100,0.36,HIGH,informational
how to get rid of,how to get rid of a stye fast,33100,0.79,HIGH,informational
how to get rid of,how to get rid of oil stains on clothing,33100,0.47,MEDIUM,informational
how to get rid of,how to get get rid of double chin,33100,2.25,MEDIUM,informational
how to get rid of,how to get rid of the headache,33100,3.78,MEDIUM,informational
how to get rid of,how to get rid of household gnats,33100,0.36,HIGH,informational
how to get rid of,how to get rid of gnats in the home,33100,0.36,HIGH,informational
how to get rid of,how to get rid of a mouse,33100,3.31,HIGH,informational
how to get rid of,how to get rid of oil stain on clothes,33100,0.47,MEDIUM,informational
how to get rid of,how to get rid of of double chin,33100,2.25,MEDIUM,informational
how to get rid of,how to get rid of a fat chin,33100,2.25,MEDIUM,informational
how to get rid of,how to get rid of gnats in the house,33100,0.36,HIGH,informational
how to get rid of,how to get rid of stye eye overnight,33100,0.79,HIGH,informational
how to get rid of,how to get rid of house mice,33100,3.31,HIGH,informational
how to get rid of,how to get rid of stink beetles,33100,0.58,MEDIUM,informational
how to get rid of,how to get rid of the mice,33100,3.31,HIGH,informational
how to get rid of,how to get rid of mouse,33100,3.31,HIGH,informational
how to get rid of,how to get rid of house gnats,33100,0.36,HIGH,informational
how to get rid of,how to get rid of the stink bugs,33100,0.58,MEDIUM,informational
how to get rid of,how to get rid of dark circles from under eyes,27100,1.62,HIGH,informational
how to get rid of,how to get rid of tag moles,27100,0.31,HIGH,informational
how to get rid of,how to get rid of conjunctivitis in eye,27100,1.74,MEDIUM,informational
how to get rid of,how to get rid of a carpet beetle,27100,0.59,HIGH,informational
how to get rid of,cockroaches how to get rid of,27100,1.68,HIGH,informational
how to get rid of,how to get rid of bumps from shaving,27100,1.98,MEDIUM,informational
how to get rid of,how to get rid of a cold asap,27100,0.76,MEDIUM,informational
how to get rid of,how to get rid of the cold sore,27100,2.05,HIGH,informational
how to get rid of,how to get rid of razor bumps,27100,1.98,MEDIUM,informational
how to get rid of,how to get get rid of a cold fast,27100,0.76,MEDIUM,informational
how to get rid of,how to get rid of visceral belly fat,27100,2.94,MEDIUM,informational
how to get rid of,how to get rid of dark under eye circles,27100,1.62,HIGH,informational
how to get rid of,how to get rid of carpenter beetles,27100,0.59,HIGH,informational
how to get rid of,how to get rid of carpet beetle,27100,0.59,HIGH,informational
how to get rid of,how to get rid of conjunctivitis,27100,1.74,MEDIUM,informational
how to get rid of,how to get rid of common cold fast,27100,0.76,MEDIUM,informational
how to get rid of,how to get rid of a head cold fast,27100,0.76,MEDIUM,informational
how to get rid of,how to get rid of shaving bumps,27100,1.98,MEDIUM,informational
how to get rid of,how to get rid of artificial nails,27100,0.2,HIGH,informational
how to get rid of,how to get rid of dark circles underneath the eyes,27100,1.62,HIGH,informational
how to get rid of,how to get rid of a cold quicker,27100,0.76,MEDIUM,informational
how to get rid of,how to get house rid of fleas,27100,1.85,HIGH,informational
how to get rid of,how to get rid of yeast infection,27100,2.07,HIGH,informational
how to get rid of,how to get rid of carpet bugs,27100,0.59,HIGH,informational
how to get rid of,how to get rid of cold virus fast,27100,0.76,MEDIUM,informational
how to get rid of,how to get rid of headache,27100,4,MEDIUM,informational
how to get rid of,how to get rid of flying flies,27100,0.66,HIGH,informational
how to get rid of,how to get rid of moth flies,27100,0.26,HIGH,informational
how to get rid of,how to get to get rid of cold sores,27100,2.05,HIGH,informational
how to get rid of,how to to get rid of flies,27100,0.66,HIGH,informational
how to get rid of,how to get rid of fleas house,27100,1.85,HIGH,informational
how to get rid of,how to get rid of the roaches,27100,1.68,HIGH,informational
how to get rid of,how to get rid of drain flies,27100,0.26,HIGH,informational
how to get rid of,how to get rid of bloatation,27100,1.01,HIGH,informational
how to get rid of,how to get rid of flies in sink,27100,0.26,HIGH,informational
how to get rid of,how to get rid of stretch marks,27100,1.28,MEDIUM,informational
how to get rid of,how to i get rid of stretch marks,27100,1.28,MEDIUM,informational
how to get rid of,how to get rid of the cold fast,27100,0.76,MEDIUM,informational
how to get rid of,how to get rid of fleas in houses,27100,1.85,HIGH,informational
how to get rid of,how to get rid of bathroom fly,27100,0.26,HIGH,informational
how to get rid of,how to get rid of the dark circles under eyes,27100,1.62,HIGH,informational
how to get rid of,how to get rid of varied carpet beetles,27100,0.59,HIGH,informational
how to get rid of,varied carpet beetle how to get rid of,27100,0.59,HIGH,informational
how to get rid of,how to quickly get rid of a cold,27100,0.76,MEDIUM,informational
how to get rid of,how to get rid of fleas at home,27100,1.85,HIGH,informational
how to get rid of,how to get rid of a fly,27100,0.66,HIGH,informational
how to get rid of,how to get rid of a common cold fast,27100,0.76,MEDIUM,informational
how to get rid of,how to get rid of pink eye,27100,1.74,MEDIUM,informational
how to get rid of,how to get rid of sore throat,27100,0.26,LOW,informational
how to get rid of,how to get rid rid of stretch marks,27100,1.28,MEDIUM,informational
how to get rid of,how to get rid of a pink eye,27100,1.74,MEDIUM,informational
how to get rid of,how to get rid of a pop up blocker,27100,1.75,LOW,informational
how to get rid of,how to get rid of visceral fat,27100,2.94,MEDIUM,informational
how to get rid of,moth flies how to get rid of,27100,0.26,HIGH,informational
how to get rid of,how to get rid of the bloating,27100,1.01,HIGH,informational
how to get rid of,how to get rid of under eyes circles,27100,1.62,HIGH,informational
how to get rid of,how to get rid of cold sores,27100,2.05,HIGH,informational
how to get rid of,how to get rid of flea from home,27100,1.85,HIGH,informational
how to get rid of,how to get rid of colds fast,27100,0.76,MEDIUM,informational
how to get rid of,how to get rid of fleas from home,27100,1.85,HIGH,informational
how to get rid of,how to get rid of home fleas,27100,1.85,HIGH,informational
how to get rid of,how to get rid of the pink eye,27100,1.74,MEDIUM,informational
how to get rid of,how to get rid of fleas home,27100,1.85,HIGH,informational
how to get rid of,how to get get rid of dark circles under eyes,27100,1.62,HIGH,informational
how to get rid of,how to get rid of a cold fast,27100,0.76,MEDIUM,informational
how to get rid of,how to get rid of cold symptoms fast,27100,0.76,MEDIUM,informational
how to get rid of,how to to get rid of stretch marks,27100,1.28,MEDIUM,informational
how to get rid of,how to get rid of flies,27100,0.66,HIGH,informational
how to get rid of,how to get rid of dark circles under the eye,27100,1.62,HIGH,informational
how to get rid of,how to get rid of flea at home,27100,1.85,HIGH,informational
how to get rid of,how to get rid of dark circles under eyes,27100,1.62,HIGH,informational
how to get rid of,how to get rid of fleas from the house,27100,1.85,HIGH,informational
how to get rid of,how to get rid of sewer gnats,27100,0.26,HIGH,informational
how to get rid of,how to get rid of splinter,27100,0.09,LOW,informational
how to get rid of,how to get rid of fleas in a home,27100,1.85,HIGH,informational
how to get rid of,shaving bumps how to get rid of,27100,1.98,MEDIUM,informational
how to get rid of,how to get rid of sore throats,27100,0.26,LOW,informational
how to get rid of,how to get rid of a cold virus faster,27100,0.76,MEDIUM,informational
how to get rid of,how to get rid of skin tags,27100,0.31,HIGH,informational
how to get rid of,how to get rid of a bladder infection,27100,3.78,HIGH,informational
how to get rid of,how to get rid of the bloat,27100,1.01,HIGH,informational
how to get rid of,how to get rid of headaches,27100,4,MEDIUM,informational
how to get rid of,how to get rid of of a cold fast,27100,0.76,MEDIUM,informational
how to get rid of,how to get rid of shave bumps,27100,1.98,MEDIUM,informational
how to get rid of,how to get rid of dark baggy eyes,27100,1.62,HIGH,informational
how to get rid of,how to get get rid of razor bumps,27100,1.98,MEDIUM,informational
how to get rid of,how to get rid of pink eyes,27100,1.74,MEDIUM,informational
how to get rid of,how to get rid of a cold quickly,27100,0.76,MEDIUM,informational
how to get rid of,how to get rid of granos,27100,4.15,HIGH,informational
how to get rid of,how to get rid of striae,27100,1.28,MEDIUM,informational
how to get rid of,how to get rid of flea in house,27100,1.85,HIGH,informational
how to get rid of,how to get rid of fleas from your home,27100,1.85,HIGH,informational
how to get rid of,how to get rid of dark rings under eyes,27100,1.62,HIGH,informational
how to get rid of,how to get rid of a uti,27100,3.78,HIGH,informational
how to get rid of,how to get rid of bloat,27100,1.01,HIGH,informational
how to get rid of,how to get rid of versical fat,27100,2.94,MEDIUM,informational
how to get rid of,how to get rid of fly,27100,0.66,HIGH,informational
how to get rid of,how to get rid of cold saws,27100,2.05,HIGH,informational
how to get rid of,how to get rid of under dark eye circles,27100,1.62,HIGH,informational
how to get rid of,how to get rid of fleas inside house,27100,1.85,HIGH,informational
how to get rid of,how to get rid of drain moths,27100,0.26,HIGH,informational
how to get rid of,how to get rid of bumps when shaving,27100,1.98,MEDIUM,informational
how to get rid of,how to get rid of herpes cold sore,27100,2.05,HIGH,informational
how to get rid of,how to get rid of of dark circles under eyes,27100,1.62,HIGH,informational
how to get rid of,how to get rid of fleas in house,27100,1.85,HIGH,informational
how to get rid of,how to get rid of sewage flies,27100,0.26,HIGH,informational
how to get rid of,how to get rid of cold fast,27100,0.76,MEDIUM,informational
how to get rid of,how to get rid of moth fly,27100,0.26,HIGH,informational
how to get rid of,how to get rid of roaches at home,27100,1.68,HIGH,informational
how to get rid of,how to get rid of a cold virus fast,27100,0.76,MEDIUM,informational
how to get rid of,how to get rid of razor.bumps,27100,1.98,MEDIUM,informational
how to get rid of,how to get rid of sink flies,27100,0.26,HIGH,informational
how to get rid of,how to get rid of fleas from house,27100,1.85,HIGH,informational
how to get rid of,how to get rid of dark circle under the eyes,27100,1.62,HIGH,informational
how to get rid of,how to get rid of visceral.fat,27100,2.94,MEDIUM,informational
how to get rid of,how to get rid of a urine infection,27100,3.78,HIGH,informational
how to get rid of,how to get rid of carpet beetles,27100,0.59,HIGH,informational
how to get rid of,how to get rid of sticker residue,27100,0.14,LOW,informational
how to get rid of,how to get rid of sticky residue,27100,0.14,LOW,informational
how to get rid of,how to get rid of conjunctivitis in the eye,27100,1.74,MEDIUM,informational
how to get rid of,how to get rid of fleas in home,27100,1.85,HIGH,informational
how to get rid of,how to get rid of fleas from your house,27100,1.85,HIGH,informational
how to get rid of,how to get rid of the sticky residue from stickers,27100,0.14,LOW,informational
how to get rid of,how to get rid of bags and circles under eyes,27100,1.62,HIGH,informational
how to get rid of,how to get rid of carpet bug,27100,0.59,HIGH,informational
how to get rid of,how to get rid of flying,27100,0.66,HIGH,informational
how to get rid of,how to get rid of visceral stomach fat,27100,2.94,MEDIUM,informational
how to get rid of,how to get rid of bathroom flies,27100,0.26,HIGH,informational
how to get rid of,how to get rid of the flies,27100,0.66,HIGH,informational
how to get rid of,how to get rid of yeast infections,27100,2.07,HIGH,informational
how to get rid of,cockroach how to get rid of,27100,1.68,HIGH,informational
how to get rid of,how to get rid of carpet weevils,27100,0.59,HIGH,informational
how to get rid of,how to get rid of fleas from a house,27100,1.85,HIGH,informational
how to get rid of,how to get rid of clipper bumps,27100,1.98,MEDIUM,informational
how to get rid of,how to get rid of a cold the fastest,27100,0.76,MEDIUM,informational
how to get rid of,how to get rid of a bad headache,27100,4,MEDIUM,informational
how to get rid of,how to get rid of varied carpet beetle,27100,0.59,HIGH,informational
how to get rid of,how to get rid of yeast infection in 24 hours,27100,2.32,HIGH,informational
how to get rid of,how to get rid of eye conjunctivitis,27100,1.74,MEDIUM,informational
how to get rid of,how to get rid of drain bugs,27100,0.26,HIGH,informational
how to get rid of,how to get rid of bloating,27100,1.01,HIGH,informational
how to get rid of,how to get get rid of stretch marks,27100,1.28,MEDIUM,informational
how to get rid of,how to get rid of dark circles under the eyes,27100,1.62,HIGH,informational
how to get rid of,how to get rid of fleas on house,27100,1.85,HIGH,informational
how to get rid of,how to get rid of a cockroaches,22200,1.68,HIGH,informational
how to get rid of,how to get get rid of belly fat,22200,2.11,HIGH,informational
how to get rid of,how to get rid of bags under eyes,22200,1.54,HIGH,informational
how to get rid of,how to get rid of of hiccups,22200,0.08,LOW,informational
how to get rid of,how to get rid of fungal toenails,22200,1,HIGH,informational
how to get rid of,how to get rid of house ants,22200,1.01,HIGH,informational
how to get rid of,how to get rid of pimples,22200,1.45,MEDIUM,informational
how to get rid of,roaches how to get rid of,22200,1.68,HIGH,informational
how to get rid of,how to get rid of ants from house,22200,1.01,HIGH,informational
how to get rid of,how to to get rid of spots,22200,1.45,MEDIUM,informational
how to get rid of,how to get rid of acid reflux,22200,0.98,LOW,informational
how to get rid of,how to to get rid of lice,22200,2.28,HIGH,informational
how to get rid of,how to get rid of bags underneath eyes,22200,1.54,HIGH,informational
how to get rid of,how to get get rid of ingrown hairs,22200,1.61,HIGH,informational
how to get rid of,how to get rid of ingrown hairs,22200,1.61,HIGH,informational
how to get rid of,how to get rid of the hiccups,22200,0.08,LOW,informational
how to get rid of,how to get rid of carpenter bees,22200,0.94,HIGH,informational
how to get rid of,how to get rid rid of hiccups,22200,0.08,LOW,informational
how to get rid of,louse how to get rid of,22200,2.28,HIGH,informational
how to get rid of,how to get rid of house ant,22200,1.01,HIGH,informational
how to get rid of,how to get rid of a roach,22200,1.68,HIGH,informational
how to get rid of,how to get rid of piojos,22200,2.28,HIGH,informational
how to get rid of,how to get rid of fat on belly,22200,2.11,HIGH,informational
how to get rid of,how to get rid of fungus on toenail,22200,1,HIGH,informational
how to get rid of,how to get rid of a zit,22200,1.45,MEDIUM,informational
how to get rid of,how to to get rid of pimples,22200,1.45,MEDIUM,informational
how to get rid of,how to get rid of ingrown hair,22200,1.61,HIGH,informational
how to get rid of,how to get rid of driller bees,22200,0.94,HIGH,informational
how to get rid of,how to get rid of ants in the house,22200,1.01,HIGH,informational
how to get rid of,how to get rid of of bags under the eyes,22200,1.54,HIGH,informational
how to get rid of,how to get rid of a sinus infection,22200,2.37,MEDIUM,informational
how to get rid of,how to get rid of gastric reflux,22200,0.98,LOW,informational
how to get rid of,how to get rid of gastroesophageal reflux,22200,0.98,LOW,informational
how to get rid of,how to get rid of under bags,22200,1.54,HIGH,informational
how to get rid of,how to get rid of sinus infection,22200,2.37,MEDIUM,informational
how to get rid of,how to get rid of gas reflux,22200,0.98,LOW,informational
how to get rid of,how to get rid of fat on tummy,22200,2.11,HIGH,informational
how to get rid of,how to get rid of nail fungus on toes,22200,1,HIGH,informational
how to get rid of,how to get rid of fat on the face,22200,2.77,LOW,informational
how to get rid of,how to get to get rid of roaches,22200,1.68,HIGH,informational
how to get rid of,how to get rid of this cough,22200,0.46,MEDIUM,informational
how to get rid of,how to get rid of fat belly,22200,2.11,HIGH,informational
how to get rid of,how to get rid of bags underneath the eyes,22200,1.54,HIGH,informational
how to get rid of,how to get rid of skin tags at home,22200,0.39,HIGH,informational
how to get rid of,how to get rid of nail fungus on toe,22200,1,HIGH,informational
how to get rid of,how to get rid of belly fat,22200,2.11,HIGH,informational
how to get rid of,roach how to get rid of,22200,1.68,HIGH,informational
how to get rid of,how to get rid of fat on the stomach,22200,2.11,HIGH,informational
how to get rid of,how to get rid of acid heartburn,22200,0.98,LOW,informational
how to get rid of,how to get rid of ants house,22200,1.01,HIGH,informational
how to get rid of,how to get rid of cockroaches at home,22200,1.68,HIGH,informational
how to get rid of,how to get get rid of pimples,22200,1.45,MEDIUM,informational
how to get rid of,how to get rid of household ants,22200,1.01,HIGH,informational
how to get rid of,how to get rid of a facebook page,22200,0.16,LOW,informational
how to get rid of,how to get rid of the bags under your eyes,22200,1.54,HIGH,informational
how to get rid of,how to get rid of cockroaches in home,22200,1.68,HIGH,informational
how to get rid of,how to get rid of a fat belly,22200,2.11,HIGH,informational
how to get rid of,how to get get rid of bags under eyes,22200,1.54,HIGH,informational
how to get rid of,how to get rid of a cough,22200,0.46,MEDIUM,informational
how to get rid of,how to get get rid of hiccups,22200,0.08,LOW,informational
how to get rid of,how to get rid of wood burrowing bees,22200,0.94,HIGH,informational
how to get rid of,how to get rid of a hiccups,22200,0.08,LOW,informational
how to get rid of,how to get rid of a hiccup,22200,0.08,LOW,informational
how to get rid of,wood bees how to get rid of,22200,0.94,HIGH,informational
how to get rid of,how to get rid of the hiccup,22200,0.08,LOW,informational
how to get rid of,how to get rid of fat on your stomach,22200,2.11,HIGH,informational
how to get rid of,how to get rid of wood borer bees,22200,0.94,HIGH,informational
how to get rid of,how to get rid of fat face,22200,2.77,LOW,informational
how to get rid of,how to get rid of fungal nail,22200,1,HIGH,informational
how to get rid of,how to get rid of ants from home,22200,1.01,HIGH,informational
how to get rid of,how to get rid of pimple,22200,1.45,MEDIUM,informational
how to get rid of,how to get rid of from pimples,22200,1.45,MEDIUM,informational
how to get rid of,how to get rid of abdomen fat,22200,2.11,HIGH,informational
how to get rid of,how to get rid of fungal nails,22200,1,HIGH,informational
how to get rid of,how to get rid of a carpenter bee,22200,0.94,HIGH,informational
how to get rid of,how to get rid of bags under the eyes,22200,1.54,HIGH,informational
how to get rid of,how to to get rid of roaches,22200,1.68,HIGH,informational
how to get rid of,how to get rid of fungus in nail,22200,1,HIGH,informational
how to get rid of,how to get rid of of belly fat,22200,2.11,HIGH,informational
how to get rid of,how to get rid of carpenter bees in wood,22200,0.94,HIGH,informational
how to get rid of,how to get rid of bumps,22200,1.45,MEDIUM,informational
how to get rid of,how to get rid of nausea,22200,0.57,LOW,informational
how to get rid of,how to get rid of fungus toenail,22200,1,HIGH,informational
how to get rid of,how to get rid of bore bees,22200,0.94,HIGH,informational
how to get rid of,how to get rid of fat from stomach,22200,2.11,HIGH,informational
how to get rid of,how to get rid of eye bags under eyes,22200,1.54,HIGH,informational
how to get rid of,how to get rid of fat on face,22200,2.77,LOW,informational
how to get rid of,how to get rid of fungal toenail,22200,1,HIGH,informational
how to get rid of,how to get rid of a nail fungus,22200,1,HIGH,informational
how to get rid of,how to get rid of reflux,22200,0.98,LOW,informational
how to get rid of,how to get rid of hiccups hiccups,22200,0.08,LOW,informational
how to get rid of,how to get of rid of ants in the house,22200,1.01,HIGH,informational
how to get rid of,nail fungus how to get rid of,22200,1,HIGH,informational
how to get rid of,how to get rid of ant in house,22200,1.01,HIGH,informational
how to get rid of,how to get rid of boring bees,22200,0.94,HIGH,informational
how to get rid of,how to get rid of acid reflux disease,22200,0.98,LOW,informational
how to get rid of,how to get rid of feeling nauseous,22200,0.57,LOW,informational
how to get rid of,how to get rid of fat from belly,22200,2.11,HIGH,informational
how to get rid of,how to get rid of fungus nails,22200,1,HIGH,informational
how to get rid of,how to get rid of ants invading the house,22200,1.01,HIGH,informational
how to get rid of,how to get rid of the lice,22200,2.28,HIGH,informational
how to get rid of,how to get rid of and ingrown hair,22200,1.61,HIGH,informational
how to get rid of,how to get rid of wood boring bees,22200,0.94,HIGH,informational
how to get rid of,how to get rid of the pimples,22200,1.45,MEDIUM,informational
how to get rid of,how to get a rid of belly fat,22200,2.11,HIGH,informational
how to get rid of,how to get rid of fats on face,22200,2.77,LOW,informational
how to get rid of,how to get rid of fungus on the toenail,22200,1,HIGH,informational
how to get rid of,how to get rid of face fat,22200,2.77,LOW,informational
how to get rid of,how to how to get rid of hiccups,22200,0.08,LOW,informational
how to get rid of,how to get rid of belly flab,22200,2.11,HIGH,informational
how to get rid of,how to get rid of the fat belly,22200,2.11,HIGH,informational
how to get rid of,how to get rid of lice,22200,2.28,HIGH,informational
how to get rid of,how to get rid of a.cough,22200,0.46,MEDIUM,informational
how to get rid of,how to get rid of a fungal toenail,22200,1,HIGH,informational
how to get rid of,how to get rid of ants inside the house,22200,1.01,HIGH,informational
how to get rid of,how to get rid of fungus in toenails,22200,1,HIGH,informational
how to get rid of,how to get rid of a toenail fungus,22200,1,HIGH,informational
how to get rid of,how to get rid of acid refluxes,22200,0.98,LOW,informational
how to get rid of,how to get rid of zit,22200,1.45,MEDIUM,informational
how to get rid of,how to get rid of abdominal fat,22200,2.11,HIGH,informational
how to get rid of,how to get rid of breakouts,22200,1.45,MEDIUM,informational
how to get rid of,how to get rid of the background of a picture,22200,4.68,MEDIUM,informational
how to get rid of,how to get rid of fat tummy,22200,2.11,HIGH,informational
how to get rid of,how to get rid of fungus in toenail,22200,1,HIGH,informational
how to get rid of,how to get rid of a ingrown hair,22200,1.61,HIGH,informational
how to get rid of,how to get rid of fat from face,22200,2.77,LOW,informational
how to get rid of,how to to get rid of hiccups,22200,0.08,LOW,informational
how to get rid of,how to get rid of the belly fat,22200,2.11,HIGH,informational
how to get rid of,how to i get rid of belly fat,22200,2.11,HIGH,informational
how to get rid of,how to to get rid of belly fat,22200,2.11,HIGH,informational
how to get rid of,how how to get rid of hiccups,22200,0.08,LOW,informational
how to get rid of,lice how to get rid of,22200,2.28,HIGH,informational
how to get rid of,how to get rid of nail fungus on fingernails,22200,1,HIGH,informational
how to get rid of,how to get rid of stuffy nose,22200,1.09,LOW,informational
how to get rid of,how to get rid of cockroaches,22200,1.68,HIGH,informational
how to get rid of,how to get rid of ants from the house,22200,1.01,HIGH,informational
how to get rid of,how to get rid of zits,22200,1.45,MEDIUM,informational
how to get rid of,how to get rid of facial fat,22200,2.77,LOW,informational
how to get rid of,how to get rid of nail fungus on toenails,22200,1,HIGH,informational
how to get rid of,how to get rid of reflux acid,22200,0.98,LOW,informational
how to get rid of,how to get rid of carpenter bee,22200,0.94,HIGH,informational
how to get rid of,how to get rid of the cough,22200,0.46,MEDIUM,informational
how to get rid of,how to get rid of the cockroaches,22200,1.68,HIGH,informational
how to get rid of,how to get rid of a cockroach,22200,1.68,HIGH,informational
how to get rid of,how to get rid of fungus on toenails,22200,1,HIGH,informational
how to get rid of,how to get rid of queasiness,22200,0.57,LOW,informational
how to get rid of,how to get rid of fungus toe nail,22200,1,HIGH,informational
how to get rid of,how to get rid of fungus nail,22200,1,HIGH,informational
how to get rid of,how to get rid of a.sinus infection,22200,2.37,MEDIUM,informational
how to get rid of,how to get rid of fungus on nails,22200,1,HIGH,informational
how to get rid of,how to get rid of bags around eyes,22200,1.54,HIGH,informational
how to get rid of,how to get rid of borer bees,22200,0.94,HIGH,informational
how to get rid of,how to get rid of from cough,22200,0.46,MEDIUM,informational
how to get rid of,how to get rid of the ants in the house,22200,1.01,HIGH,informational
how to get rid of,how to get rid of an ingrown,22200,1.61,HIGH,informational
how to get rid of,how to get rid of a belly fat,22200,2.11,HIGH,informational
how to get rid of,how to get rid of louse,22200,2.28,HIGH,informational
how to get rid of,how to get rid of fungus toenails,22200,1,HIGH,informational
how to get rid of,how to get rid of temporary tattoos,18100,0.1,LOW,informational
how to get rid of,how to get rid of bacterial vaginosis,18100,4.18,HIGH,informational
how to get rid of,how to get rid of ulcers in the mouth,18100,0.47,MEDIUM,informational
how to get rid of,how to get rid of moles in your yard,18100,1,HIGH,informational
how to get rid of,how to get rid of moles from yard,18100,1,HIGH,informational
how to get rid of,how to get rid of a stuffy nose,18100,1.69,LOW,informational
how to get rid of,how to get rid of blackheads inside nose,18100,0.83,HIGH,informational
how to get rid of,how to get rid of flies in your home,18100,0.45,HIGH,informational
how to get rid of,how to get rid of moles from your yard,18100,1,HIGH,informational
how to get rid of,how to get rid of sore throat fast,18100,0.33,LOW,informational
how to get rid of,how to get rid of hiccups on newborn,18100,0.08,LOW,informational
how to get rid of,how to get rid of hiccups in newborns,18100,0.08,LOW,informational
how to get rid of,how to get rid of sores in mouth,18100,0.47,MEDIUM,informational
how to get rid of,how to get rid of the cellulite,18100,2.47,MEDIUM,informational
how to get rid of,how to get rid of mosquito bite,18100,0.2,MEDIUM,informational
how to get rid of,how to get rid of a zit fast,18100,0.82,MEDIUM,informational
how to get rid of,how to get rid of hickeys overnight,18100,0.08,LOW,informational
how to get rid of,how to get rid of the runs,18100,0.51,LOW,informational
how to get rid of,how to get rid of moles yard,18100,1,HIGH,informational
how to get rid of,how to get rid of a cold sores fast,18100,2.44,HIGH,informational
how to get rid of,how to get rid of zit overnight,18100,0.82,MEDIUM,informational
how to get rid of,how to get rid of uti,18100,4.61,HIGH,informational
how to get rid of,how to get rid of a sore throat fast,18100,0.33,LOW,informational
how to get rid of,how to get rid of a mouth ulcer,18100,0.47,MEDIUM,informational
how to get rid of,how to get rid of infant hiccups,18100,0.08,LOW,informational
how to get rid of,how to instantly get rid of a cold sore,18100,2.44,HIGH,informational
how to get rid of,how to get rid of mosquito bites,18100,0.2,MEDIUM,informational
how to get rid of,how to get rid of bites from mosquito,18100,0.2,MEDIUM,informational
how to get rid of,how to get rid of pimples overnight,18100,0.82,MEDIUM,informational
how to get rid of,how to get rid of moles in backyard,18100,1,HIGH,informational
how to get rid of,how to get rid of comedones on nose,18100,0.83,HIGH,informational
how to get rid of,how to get rid of mouth ulcer,18100,0.47,MEDIUM,informational
how to get rid of,how to get rid of hiccups on a newborn,18100,0.08,LOW,informational
how to get rid of,how to get rid of mouth sores,18100,0.47,MEDIUM,informational
how to get rid of,how to get rid of hiccups for a newborn,18100,0.08,LOW,informational
how to get rid of,how to get rid of mosquitoes bites,18100,0.2,MEDIUM,informational
how to get rid of,how to get rid of groundhogs,18100,1.13,HIGH,informational
how to get rid of,how to get rid of moles in your lawn,18100,1,HIGH,informational
how to get rid of,how to get rid of an ulcer in the mouth,18100,0.47,MEDIUM,informational
how to get rid of,how to get rid of ulcers mouth,18100,0.47,MEDIUM,informational
how to get rid of,how to to get rid of cellulite,18100,2.47,MEDIUM,informational
how to get rid of,how to get rid of moles in the grass,18100,1,HIGH,informational
how to get rid of,how to get rid of moles in my yard,18100,1,HIGH,informational
how to get rid of,how to get rid of a hickey overnight,18100,0.08,LOW,informational
how to get rid of,how to get rid of diarrhoea,18100,0.51,LOW,informational
how to get rid of,how to get rid of a temporary tattoo,18100,0.1,LOW,informational
how to get rid of,how to get rid of a hickey asap,18100,0.08,LOW,informational
how to get rid of,how to get a rid of a pimple overnight,18100,0.82,MEDIUM,informational
how to get rid of,how to get rid of hiccups in a newborn,18100,0.08,LOW,informational
how to get rid of,how to get rid of a sore throat instantly,18100,0.33,LOW,informational
how to get rid of,how to get rid of house fly,18100,0.45,HIGH,informational
how to get rid of,how to get rid of a pimple overnight,18100,0.82,MEDIUM,informational
how to get rid of,how to get rid of cooking oil,18100,0.61,LOW,informational
how to get rid of,how to get rid of blackheads in the nose,18100,0.83,HIGH,informational
how to get rid of,how to get rid of moles in my grass,18100,1,HIGH,informational
how to get rid of,how to get rid of love bites overnight,18100,0.08,LOW,informational
how to get rid of,how to get rid of hiccups for an infant,18100,0.08,LOW,informational
how to get rid of,newborn how to get rid of hiccups,18100,0.08,LOW,informational
how to get rid of,how to get rid of hiccups on newborns,18100,0.08,LOW,informational
how to get rid of,how to get rid of moles in lawns,18100,1,HIGH,informational
how to get rid of,how to get rid of moles in the lawn,18100,1,HIGH,informational
how to get rid of,how to get rid of a headache migraine,18100,4.25,MEDIUM,informational
how to get rid of,how to get rid of flies.in house,18100,0.45,HIGH,informational
how to get rid of,how to get rid of moles garden,18100,1,HIGH,informational
how to get rid of,how to get rid of a milia,18100,0.49,MEDIUM,informational
how to get rid of,how to get rid of flies in house,18100,0.45,HIGH,informational
how to get rid of,how to get rid of hiccups for newborns,18100,0.08,LOW,informational
how to get rid of,how to get rid of ulcers on lips,18100,0.47,MEDIUM,informational
how to get rid of,how to get rid of a pimple really fast,18100,0.82,MEDIUM,informational
how to get rid of,how to get get rid of pimples overnight,18100,0.82,MEDIUM,informational
how to get rid of,how to get rid of overnight pimples,18100,0.82,MEDIUM,informational
how to get rid of,how to get rid of hiccups newborn,18100,0.08,LOW,informational
how to get rid of,how to get rid of throat pain fast,18100,0.33,LOW,informational
how to get rid of,how to get rid of urine infection,18100,4.61,HIGH,informational
how to get rid of,how to get rid of spot overnight,18100,0.82,MEDIUM,informational
how to get rid of,how to get rid of moles in your grass,18100,1,HIGH,informational
how to get rid of,how to get rid of kidney stones,18100,1.41,LOW,informational
how to get rid of,how to to get rid of love handles,18100,1.94,MEDIUM,informational
how to get rid of,how to get rid of of a cold sore fast,18100,2.44,HIGH,informational
how to get rid of,how to get rid of a spot overnight,18100,0.82,MEDIUM,informational
how to get rid of,how to get rid of ulcers in mouth,18100,0.47,MEDIUM,informational
how to get rid of,how to get rid of moles lawn,18100,1,HIGH,informational
how to get rid of,how to get rid of fly in house,18100,0.45,HIGH,informational
how to get rid of,how to get rid of dust mites,18100,1.17,HIGH,informational
how to get rid of,how to get rid of moles in grass,18100,1,HIGH,informational
how to get rid of,how to get rid of flies in the home,18100,0.45,HIGH,informational
how to get rid of,how to get rid of a cold sore fast,18100,2.44,HIGH,informational
how to get rid of,how to get rid of sore throat instantly,18100,0.33,LOW,informational
how to get rid of,how to get rid of hiccups from a newborn,18100,0.08,LOW,informational
how to get rid of,how to get rid of a.stuffy nose,18100,1.69,LOW,informational
how to get rid of,how to get rid of moles in a yard,18100,1,HIGH,informational
how to get rid of,how to get rid of breakouts overnight,18100,0.82,MEDIUM,informational
how to get rid of,how to get rid of an ulcer in mouth,18100,0.47,MEDIUM,informational
how to get rid of,how to get rid of ulcer in mouth,18100,0.47,MEDIUM,informational
how to get rid of,how to get get rid of love handles,18100,1.94,MEDIUM,informational
how to get rid of,how to get rid of big ant,18100,1.03,HIGH,informational
how to get rid of,how to get rid of a headache or migraine,18100,4.25,MEDIUM,informational
how to get rid of,how to get rid of moles in my lawn,18100,1,HIGH,informational
how to get rid of,how to get rid of temporary tattoo,18100,0.1,LOW,informational
how to get rid of,how to get rid of big ants,18100,1.03,HIGH,informational
how to get rid of,how to get rid of a pimple in a day,18100,0.82,MEDIUM,informational
how to get rid of,how to get rid of moles from garden,18100,1,HIGH,informational
how to get rid of,how to get rid of bv,18100,4.18,HIGH,informational
how to get rid of,how to get rid of the flies at home,18100,0.45,HIGH,informational
how to get rid of,how to get rid of zit fast,18100,0.82,MEDIUM,informational
how to get rid of,how to get rid of household mites,18100,1.17,HIGH,informational
how to get rid of,how to get rid of the flies in the house,18100,0.45,HIGH,informational
how to get rid of,how to get get rid of cellulite,18100,2.47,MEDIUM,informational
how to get rid of,how to get rid of blackheads on nose,18100,0.83,HIGH,informational
how to get rid of,how to get rid of black mould,18100,4.04,HIGH,informational
how to get rid of,how to get rid of a diarrhea,18100,0.51,LOW,informational
how to get rid of,how to get rid of sore throats quickly,18100,0.33,LOW,informational
how to get rid of,how to get rid of hiccups #newborn,18100,0.08,LOW,informational
how to get rid of,how to get rid of love handles,18100,1.94,MEDIUM,informational
how to get rid of,how to get rid of common flies,18100,0.45,HIGH,informational
how to get rid of,how to get rid of pimple overnight,18100,0.82,MEDIUM,informational
how to get rid of,how to get rid of blackhead in nose,18100,0.83,HIGH,informational
how to get rid of,how to get rid of house mites,18100,1.17,HIGH,informational
how to get rid of,how to get rid of a woodchuck,18100,1.13,HIGH,informational
how to get rid of,how to get rid of moles in lawn,18100,1,HIGH,informational
how to get rid of,how to get rid of yard moles,18100,1,HIGH,informational
how to get rid of,how to get rid of grass moles,18100,1,HIGH,informational
how to get rid of,how to get rid of cold sore faster,18100,2.44,HIGH,informational
how to get rid of,how to to get rid of mosquito bites,18100,0.2,MEDIUM,informational
how to get rid of,how to get rid of sinus infection in 24 hours,18100,2.34,HIGH,informational
how to get rid of,how to get get rid of mosquito bites,18100,0.2,MEDIUM,informational
how to get rid of,how to get rid of blackheads in nose,18100,0.83,HIGH,informational
how to get rid of,how to get rid of a groundhog,18100,1.13,HIGH,informational
how to get rid of,how to get rid of large ants,18100,1.03,HIGH,informational
how to get rid of,how to get rid of black.mold,18100,4.04,HIGH,informational
how to get rid of,how to get rid of a hickey fast,18100,0.08,LOW,informational
how to get rid of,how to get rid of moles on your lawn,18100,1,HIGH,informational
how to get rid of,how to get rid of a mosquito bite,18100,0.2,MEDIUM,informational
how to get rid of,how to get rid of flies in the house,18100,0.45,HIGH,informational
how to get rid of,how to get rid of moles from lawn,18100,1,HIGH,informational
how to get rid of,how to instantly get rid of cold sores,18100,2.44,HIGH,informational
how to get rid of,how to get get rid of a migraine,18100,4.25,MEDIUM,informational
how to get rid of,how to get rid of mosquitoes bite,18100,0.2,MEDIUM,informational
how to get rid of,how to get rid of huge ants,18100,1.03,HIGH,informational
how to get rid of,how to get rid of flies in home,18100,0.45,HIGH,informational
how to get rid of,how to get rid of love.handles,18100,1.94,MEDIUM,informational
how to get rid of,how to get rid of cold blisters fast,18100,2.44,HIGH,informational
how to get rid of,how to get rid of ulcers on lip,18100,0.47,MEDIUM,informational
how to get rid of,how to get rid of headache migraine,18100,4.25,MEDIUM,informational
how to get rid of,how to get rid of black mold,18100,4.04,HIGH,informational
how to get rid of,how to get rid of hiccups for newborn,18100,0.08,LOW,informational
how to get rid of,how to get rid of rusty metal,18100,0.24,HIGH,informational
how to get rid of,how to get rid of zits overnight,18100,0.82,MEDIUM,informational
how to get rid of,how to get rid of sores in the mouth,18100,0.47,MEDIUM,informational
how to get rid of,how to get rid of nose blackheads,18100,0.83,HIGH,informational
how to get rid of,how to get rid of woodchuck,18100,1.13,HIGH,informational
how to get rid of,how to get rid of a pimple fast,18100,0.82,MEDIUM,informational
how to get rid of,how to get rid of lip ulcers,18100,0.47,MEDIUM,informational
how to get rid of,how to get rid of spots overnight,18100,0.82,MEDIUM,informational
how to get rid of,how to get rid of athlete's foot,18100,0.63,HIGH,informational
how to get rid of,how to get rid of hiccups newborns,18100,0.08,LOW,informational
how to get rid of,how to get rid of a migraine,18100,4.25,MEDIUM,informational
how to get rid of,how to get rid of fly at home,18100,0.45,HIGH,informational
how to get rid of,how to get rid of cellulite,18100,2.47,MEDIUM,informational
how to get rid of,how to get rid of a pimple in one day,18100,0.82,MEDIUM,informational
how to get rid of,how to get rid of a sore throat faster,18100,0.33,LOW,informational
how to get rid of,how to get rid of house flies,18100,0.45,HIGH,informational
how to get rid of,woodchuck how to get rid of,18100,1.13,HIGH,informational
how to get rid of,how to get rid of pimples in a day,18100,0.82,MEDIUM,informational
how to get rid of,how to get rid of blackheads from nose,18100,0.83,HIGH,informational
how to get rid of,how to get rid of moles on lawn,18100,1,HIGH,informational
how to get rid of,how to get rid of newborn hiccups,18100,0.08,LOW,informational
how to get rid of,how to get rid of garden moles,18100,1,HIGH,informational
how to get rid of,how to get rid of hiccups in an infant,18100,0.08,LOW,informational
how to get rid of,how to get rid of diarrhea,18100,0.51,LOW,informational
how to get rid of,how to get rid of the hiccups in a newborn,18100,0.08,LOW,informational
how to get rid of,how to get rid of a mosquito bites,18100,0.2,MEDIUM,informational
how to get rid of,how to get rid of the love handles,18100,1.94,MEDIUM,informational
how to get rid of,how to get rid of blackheads nose,18100,0.83,HIGH,informational
how to get rid of,how to get rid of moles in the yard,18100,1,HIGH,informational
how to get rid of,how to get rid of a canker sore,18100,0.24,LOW,informational
how to get rid of,how to get rid of mouth ulcers,18100,0.47,MEDIUM,informational
how to get rid of,how to get rid of hiccups in infants,18100,0.08,LOW,informational
how to get rid of,how to get rid of a zit overnight,18100,0.82,MEDIUM,informational
how to get rid of,how to get rid of a migraines,18100,4.25,MEDIUM,informational
how to get rid of,how to get rid of hiccups in newborn,18100,0.08,LOW,informational
how to get rid of,how to get rid of stye,18100,0.54,LOW,informational
how to get rid of,how to get rid of hiccups in infant,18100,0.08,LOW,informational
how to get rid of,how to get rid of a blackhead on nose,18100,0.83,HIGH,informational
how to get rid of,newborn hiccups how to get rid of,18100,0.08,LOW,informational
how to get rid of,how to get rid of styes,18100,0.54,LOW,informational
how to get rid of,how to get rid of a cold sore asap,18100,2.44,HIGH,informational
how to get rid of,how to get rid of flies at home,18100,0.45,HIGH,informational
how to get rid of,how to get rid of blackheads on the nose,18100,0.83,HIGH,informational
how to get rid of,how to get rid of carpenter ants,18100,1.03,HIGH,informational
how to get rid of,how to get get rid of a cold sore fast,18100,2.44,HIGH,informational
how to get rid of,how to get rid of fly in the house,18100,0.45,HIGH,informational
how to get rid of,moles in garden how to get rid of,18100,1,HIGH,informational
how to get rid of,how to get rid of pimples in overnight,18100,0.82,MEDIUM,informational
how to get rid of,how to get rid of blackhead on nose,18100,0.83,HIGH,informational
how to get rid of,how to get rid of moles in garden,18100,1,HIGH,informational
how to get rid of,how to get rid of house dust mites,18100,1.17,HIGH,informational
how to get rid of,how to get rid of milia,18100,0.49,MEDIUM,informational
how to get rid of,how to get rid of flies in a house,18100,0.45,HIGH,informational
how to get rid of,how to get rid of hiccups infant,18100,0.08,LOW,informational
how to get rid of,how to get rid of hiccups with a newborn,18100,0.08,LOW,informational
how to get rid of,how to get rid of cold sores the fastest,18100,2.44,HIGH,informational
how to get rid of,how to get rid of of pimples overnight,18100,0.82,MEDIUM,informational
how to get rid of,how to get rid of moles in the backyard,18100,1,HIGH,informational
how to get rid of,how to get rid of hickey overnight,18100,0.08,LOW,informational
how to get rid of,how to get get rid of chiggers,14800,0.29,LOW,informational
how to get rid of,how to get rid of poison ivy,14800,0.23,MEDIUM,informational
how to get rid of,how to get rid of intestinal gas,14800,0.64,MEDIUM,informational
how to get rid of,how to get rid of callused feet,14800,0.45,HIGH,informational
how to get rid of,how to get rid of scratches in car,14800,0.56,HIGH,informational
how to get rid of,how to get rid of smell of cat urine,14800,1.73,HIGH,informational
how to get rid of,how to get rid of smile lines,14800,2.69,HIGH,informational
how to get rid of,how to get rid of cat.pee smell,14800,1.73,HIGH,informational
how to get rid of,how to get rid of sulfur burps,14800,0.38,LOW,informational
how to get rid of,how to get rid of cats pee smell,14800,1.73,HIGH,informational
how to get rid of,how to get rid of a scratch on a car,14800,0.56,HIGH,informational
how to get rid of,how to get rid of fleas from dog,14800,3.29,HIGH,informational
how to get rid of,how to get rid of silverfish insect,14800,0.35,HIGH,informational
how to get rid of,how to get rid of poison i v y,14800,0.23,MEDIUM,informational
how to get rid of,how to get rid of fleas on a dog,14800,3.29,HIGH,informational
how to get rid of,how to get rid of cat urine smell,14800,1.73,HIGH,informational
how to get rid of,how to get rid of boils,14800,0.33,MEDIUM,informational
how to get rid of,how to get rid of stomach pain,14800,1.22,LOW,informational
how to get rid of,how to get rid of scratches on the car,14800,0.56,HIGH,informational
how to get rid of,how to get rid of scratches on a car,14800,0.56,HIGH,informational
how to get rid of,how to get rid of foot calluses,14800,0.45,HIGH,informational
how to get rid of,stomach ache how to get rid of,14800,1.22,LOW,informational
how to get rid of,how to get rid of fleas of dogs,14800,3.29,HIGH,informational
how to get rid of,how to get rid of fleas dogs,14800,3.29,HIGH,informational
how to get rid of,how to get rid of passing gas,14800,0.64,MEDIUM,informational
how to get rid of,how to get rid of a furuncle,14800,0.33,MEDIUM,informational
how to get rid of,how to get rid of a whiteheads,14800,0.66,HIGH,informational
how to get rid of,how to get rid of planters warts,14800,0.66,HIGH,informational
how to get rid of,how to get rid of a dog's fleas,14800,3.29,HIGH,informational
how to get rid of,wart on foot how to get rid of,14800,0.66,HIGH,informational
how to get rid of,how to get rid of silverfish,14800,0.35,HIGH,informational
how to get rid of,how to get rid of scratch on car,14800,0.56,HIGH,informational
how to get rid of,how to get rid of static in clothing,14800,1.07,LOW,informational
how to get rid of,how to get rid of a white head,14800,0.66,HIGH,informational
how to get rid of,how to get rid of a painful stomach ache,14800,1.22,LOW,informational
how to get rid of,how to get rid of back zits,14800,1.44,HIGH,informational
how to get rid of,how to get rid of gas,14800,0.64,MEDIUM,informational
how to get rid of,how to get rid of fish moths,14800,0.35,HIGH,informational
how to get rid of,how to get rid of a boil,14800,0.33,MEDIUM,informational
how to get rid of,how to get rid of w cold sore,14800,2.27,HIGH,informational
how to get rid of,how to get rid of fleas for dogs,14800,3.29,HIGH,informational
how to get rid of,how to get rid of cystic,14800,1.03,LOW,informational
how to get rid of,how to get rid of smell of cat pee,14800,1.73,HIGH,informational
how to get rid of,how to get rid of gastric,14800,0.64,MEDIUM,informational
how to get rid of,how to get rid of flea in dogs,14800,3.29,HIGH,informational
how to get rid of,how to get rid of post nasal drip,14800,0.81,MEDIUM,informational
how to get rid of,how to get rid of the static in clothes,14800,1.07,LOW,informational
how to get rid of,how to get rid of the cat pee smell,14800,1.73,HIGH,informational
how to get rid of,how to get rid of moles,14800,0.84,HIGH,informational
how to get rid of,how to get rid of feet callus,14800,0.45,HIGH,informational
how to get rid of,how to get rid of the blank page in word,14800,0.3,LOW,informational
how to get rid of,how to get rid of hickies fast,14800,0.08,LOW,informational
how to get rid of,how to get rid of fleas in dog,14800,3.29,HIGH,informational
how to get rid of,how to get rid of silverfish insects,14800,0.35,HIGH,informational
how to get rid of,how to get rid of cats urine smell,14800,1.73,HIGH,informational
how to get rid of,how to get rid of zits on back,14800,1.44,HIGH,informational
how to get rid of,how to get rid of krazy glue on skin,14800,0.22,LOW,informational
how to get rid of,how to get get rid of fleas on dogs,14800,3.29,HIGH,informational
how to get rid of,how to get rid of back pimples,14800,1.44,HIGH,informational
how to get rid of,how to get rid of smile line,14800,2.69,HIGH,informational
how to get rid of,how to get rid of cyst,14800,1.03,LOW,informational
how to get rid of,how to get rid of migraine,14800,3.92,MEDIUM,informational
how to get rid of,how to get rid of old gasoline,14800,2.82,LOW,informational
how to get rid of,how to get rid of mosquitoes,14800,1.91,HIGH,informational
how to get rid of,how to get rid of flea from dog,14800,3.29,HIGH,informational
how to get rid of,stomach cramps how to get rid of,14800,1.22,LOW,informational
how to get rid of,how to get rid of static in clothes,14800,1.07,LOW,informational
how to get rid of,how to get rid of fleas dog,14800,3.29,HIGH,informational
how to get rid of,how to get rid of calluses feet,14800,0.45,HIGH,informational
how to get rid of,how to get dog rid of fleas,14800,3.29,HIGH,informational
how to get rid of,how to get rid of boil,14800,0.33,MEDIUM,informational
how to get rid of,how to get rid of a silverfish,14800,0.35,HIGH,informational
how to get rid of,how to get rid of hickey fast,14800,0.08,LOW,informational
how to get rid of,how to get rid of a cyst,14800,1.03,LOW,informational
how to get rid of,how to get rid of of fleas on dogs,14800,3.29,HIGH,informational
how to get rid of,how to get rid of whiteheads,14800,0.66,HIGH,informational
how to get rid of,how to get rid of feet warts,14800,0.66,HIGH,informational
how to get rid of,how to get rid of fleas in dogs,14800,3.29,HIGH,informational
how to get rid of,how to get rid of the silverfish bug,14800,0.35,HIGH,informational
how to get rid of,how to get rid of painful stomach ache,14800,1.22,LOW,informational
how to get rid of,how to get rid of car scratch,14800,0.56,HIGH,informational
how to get rid of,how to get rid of the smell cat urine,14800,1.73,HIGH,informational
how to get rid of,how to get rid of calluses on toes,14800,0.45,HIGH,informational
how to get rid of,how to get rid of cat pee odor,14800,1.73,HIGH,informational
how to get rid of,how to get rid of moobs,14800,3.49,LOW,informational
how to get rid of,how to get rid of man breasts,14800,3.49,LOW,informational
how to get rid of,how to get rid of fleas in a dog,14800,3.29,HIGH,informational
how to get rid of,how to get rid of static clothes,14800,1.07,LOW,informational
how to get rid of,how to get rid of a stomach cramp,14800,1.22,LOW,informational
how to get rid of,how to get rid of a whitehead,14800,0.66,HIGH,informational
how to get rid of,how to get rid of staticky clothes,14800,1.07,LOW,informational
how to get rid of,how to get rid of migraines,14800,3.92,MEDIUM,informational
how to get rid of,how to get rid of a plantar wart,14800,0.66,HIGH,informational
how to get rid of,how to get rid of a mosquito,14800,1.91,HIGH,informational
how to get rid of,how to get rid of a stomach ache,14800,1.22,LOW,informational
how to get rid of,how to get rid of scratches on car,14800,0.56,HIGH,informational
how to get rid of,how to get rid of dog fleas on dogs,14800,3.29,HIGH,informational
how to get rid of,how to get rid of the stomach ache,14800,1.22,LOW,informational
how to get rid of,how to get rid of fleas on dogs,14800,3.29,HIGH,informational
how to get rid of,how to get rid of static from clothes,14800,1.07,LOW,informational
how to get rid of,how to get rid of old gas,14800,2.82,LOW,informational
how to get rid of,how to get rid of fleas from a dog,14800,3.29,HIGH,informational
how to get rid of,how to get rid of calluses on the feet,14800,0.45,HIGH,informational
how to get rid of,cat urine how to get rid of the smell,14800,1.73,HIGH,informational
how to get rid of,how to get rid of clothes static,14800,1.07,LOW,informational
how to get rid of,how to get rid of fleas on the dog,14800,3.29,HIGH,informational
how to get rid of,how to get rid of male boobs,14800,3.49,LOW,informational
how to get rid of,how to get rid of static on clothes,14800,1.07,LOW,informational
how to get rid of,how to get rid of a post nasal drip,14800,0.81,MEDIUM,informational
how to get rid of,how to get rid of stomach ache,14800,1.22,LOW,informational
how to get rid of,how to get rid of nasal drip,14800,0.81,MEDIUM,informational
how to get rid of,how to get rid of car scratches,14800,0.56,HIGH,informational
how to get rid of,how to get rid of male breasts,14800,3.49,LOW,informational
how to get rid of,how to get rid of a planters wart,14800,0.66,HIGH,informational
how to get rid of,how to get rid of toe calluses,14800,0.45,HIGH,informational
how to get rid of,how to get rid of smell cat urine,14800,1.73,HIGH,informational
how to get rid of,how to get rid of dog fleas,14800,3.29,HIGH,informational
how to get rid of,how to get rid of flea on a dog,14800,3.29,HIGH,informational
how to get rid of,how to get rid of mosquito,14800,1.91,HIGH,informational
how to get rid of,how to get rid of stomach pains,14800,1.22,LOW,informational
how to get rid of,how to get rid of dogs fleas,14800,3.29,HIGH,informational
how to get rid of,how to get rid of chiggers,14800,0.29,LOW,informational
how to get rid of,how to get rid of gingivitis,14800,1.87,HIGH,informational
how to get rid of,how to get rid of stomach aches,14800,1.22,LOW,informational
how to get rid of,how to get rid of a callus on toe,14800,0.45,HIGH,informational
how to get rid of,how to get rid of cat pee smell,14800,1.73,HIGH,informational
how to get rid of,how to get rid of painful stomach cramps,14800,1.22,LOW,informational
how to get rid of,how to get rid of wax in ear,14800,0.33,HIGH,informational
how to get rid of,how to get rid of the smell of cat pee,14800,1.73,HIGH,informational
how to get rid of,how to get rid of calloused feet,14800,0.45,HIGH,informational
how to get rid of,how to get rid of a cold sore,14800,2.27,HIGH,informational
how to get rid of,how to get rid of from mosquito,14800,1.91,HIGH,informational
how to get rid of,how to get rid of a cold saw,14800,2.27,HIGH,informational
how to get rid of,how to get rid of fleas from dogs,14800,3.29,HIGH,informational
how to get rid of,how to get rid of breakouts on back,14800,1.44,HIGH,informational
how to get rid of,how to get rid of a cystic,14800,1.03,LOW,informational
how to get rid of,how to get rid of the mosquitoes,14800,1.91,HIGH,informational
how to get rid of,how to get rid of a stomach cramps,14800,1.22,LOW,informational
how to get rid of,how to get rid of whitehead,14800,0.66,HIGH,informational
how to get rid of,how to get rid of calluses on feet,14800,0.45,HIGH,informational
how to get rid of,how to get rid of man boobs,14800,3.49,LOW,informational
how to get rid of,how to get rid of hickeys really fast,14800,0.08,LOW,informational
how to get rid of,how to get rid of the mosquito,14800,1.91,HIGH,informational
how to get rid of,how to get rid of hickeys fast,14800,0.08,LOW,informational
how to get rid of,how to get rid of cysts,14800,1.03,LOW,informational
how to get rid of,how to get rid of a stomach pain,14800,1.22,LOW,informational
how to get rid of,how to get rid of sulphur burps,14800,0.38,LOW,informational
how to get rid of,how to get rid of a rat,12100,3.44,HIGH,informational
how to get rid of,how to get rid of rats,12100,3.44,HIGH,informational
how to get rid of,how to get rid of a stye eye,12100,0.5,MEDIUM,informational
how to get rid of,how to get rid of puffy eyes,12100,1.27,HIGH,informational
how to get rid of,how to get rid of heat rash,12100,0.38,MEDIUM,informational
how to get rid of,how to get rid of fever,12100,0.76,LOW,informational
how to get rid of,how to get get rid of stuffy nose,12100,1.84,LOW,informational
how to get rid of,how to get rid of mucus on throat,12100,0.62,MEDIUM,informational
how to get rid of,how to get rid of mouse in house,12100,3.49,HIGH,informational
how to get rid of,how to get rid of mattresses,12100,5.21,MEDIUM,informational
how to get rid of,how to get rid of lady beetles,12100,0.19,MEDIUM,informational
how to get rid of,how to get rid of under eyes dark circles,12100,1.67,HIGH,informational
how to get rid of,how to get rid of wrinkles on forehead,12100,2.14,HIGH,informational
how to get rid of,how to get rid of gnats in houseplant,12100,0.34,HIGH,informational
how to get rid of,how to get rid of a cystic zit,12100,2.37,HIGH,informational
how to get rid of,how to get rid of stress headache,12100,2.15,LOW,informational
how to get rid of,how to get rid of dark circles eye,12100,1.67,HIGH,informational
how to get rid of,how to get rid of ladybugs,12100,0.19,MEDIUM,informational
how to get rid of,how to get rid of oral yeast infection,12100,0.71,MEDIUM,informational
how to get rid of,how to get rid of a headache instantly,12100,3.41,MEDIUM,informational
how to get rid of,how to get rid of cyst pimple,12100,2.37,HIGH,informational
how to get rid of,how to get rid of gnats in houseplants,12100,0.34,HIGH,informational
how to get rid of,how to get rid of a stye in eyelid,12100,0.5,MEDIUM,informational
how to get rid of,how to get rid of tension headaches,12100,2.15,LOW,informational
how to get rid of,how to get rid of swelling around eyes,12100,1.27,HIGH,informational
how to get rid of,how to get rid of mice in home,12100,3.49,HIGH,informational
how to get rid of,how to quickly get rid of sunburn,12100,0.13,MEDIUM,informational
how to get rid of,how to get rid of creases on forehead,12100,2.14,HIGH,informational
how to get rid of,how to get rid of period cramps,12100,2.16,LOW,informational
how to get rid of,how to get rid of a headache fast,12100,3.41,MEDIUM,informational
how to get rid of,how to get rid of instagram account,12100,0.03,LOW,informational
how to get rid of,how to get rid of dark circles,12100,1.67,HIGH,informational
how to get rid of,how to get rid of swollen eye,12100,1.27,HIGH,informational
how to get rid of,how to get rid of fat on the liver,12100,2.68,HIGH,informational
how to get rid of,how to get rid of cramps period,12100,2.16,LOW,informational
how to get rid of,how to get rid of urticaria hives,12100,4.1,MEDIUM,informational
how to get rid of,how to get rid of a fatty liver,12100,2.68,HIGH,informational
how to get rid of,how to get rid of thrush in the mouth,12100,0.71,MEDIUM,informational
how to get rid of,how to get rid of head pain fast,12100,3.41,MEDIUM,informational
how to get rid of,how to get rid of cramps from period,12100,2.16,LOW,informational
how to get rid of,how to get rid of wasp,12100,2.11,HIGH,informational
how to get rid of,how to get rid of sunburn fast without peeling,12100,0.13,MEDIUM,informational
how to get rid of,how to get rid of keloids,12100,0.88,HIGH,informational
how to get rid of,how to get rid of mouse from home,12100,3.49,HIGH,informational
how to get rid of,how to get rid of a sunburn fast,12100,0.13,MEDIUM,informational
how to get rid of,how to get rid of heat rashes,12100,0.38,MEDIUM,informational
how to get rid of,how to get rid of puffy under eyes,12100,1.45,HIGH,informational
how to get rid of,how to get rid of gnats from plant,12100,0.34,HIGH,informational
how to get rid of,how to get rid of mice in houses,12100,3.49,HIGH,informational
how to get rid of,how to get rid of a urine infection fast,12100,4.52,HIGH,informational
how to get rid of,how to get rid of creases in forehead,12100,2.14,HIGH,informational
how to get rid of,how to get rid of a wasp,12100,2.11,HIGH,informational
how to get rid of,how to get rid of dark under eyes,12100,1.67,HIGH,informational
how to get rid of,how to get rid of a corn on the foot,12100,0.4,HIGH,informational
how to get rid of,how to get rid of a headache quickly,12100,3.41,MEDIUM,informational
how to get rid of,how to get rid of corn on toe,12100,0.4,HIGH,informational
how to get rid of,how to get rid of brow wrinkle,12100,2.14,HIGH,informational
how to get rid of,how to get rid of stress headaches,12100,2.15,LOW,informational
how to get rid of,how to get rid of a runny nose,12100,1.37,LOW,informational
how to get rid of,how to get rid of mattress,12100,5.21,MEDIUM,informational
how to get rid of,how to get rid of feet corn,12100,0.4,HIGH,informational
how to get rid of,how to get rid of headache tension,12100,2.15,LOW,informational
how to get rid of,how to get rid of mouth sores quickly,12100,0.32,MEDIUM,informational
how to get rid of,how to get rid of under eye puffy bags,12100,1.45,HIGH,informational
how to get rid of,how to get rid of black circle,12100,1.67,HIGH,informational
how to get rid of,how to get rid of a stye in your eye,12100,0.4,MEDIUM,informational
how to get rid of,how to get rid of gnats inside your house,12100,0.33,HIGH,informational
how to get rid of,how to get rid of uti quick,12100,4.52,HIGH,informational
how to get rid of,how to get rid of cramps in period,12100,2.16,LOW,informational
how to get rid of,how to get rid of nail polish without remover,12100,0.08,LOW,informational
how to get rid of,how to get rid of uti fast,12100,4.52,HIGH,informational
how to get rid of,how to get rid of a headache quick,12100,3.41,MEDIUM,informational
how to get rid of,how to get rid of urticaria,12100,4.1,MEDIUM,informational
how to get rid of,how to get rid of gnats in office plants,12100,0.34,HIGH,informational
how to get rid of,how to get rid of dysmenorrhea,12100,2.16,LOW,informational
how to get rid of,how to get rid of a swollen eye,12100,1.27,HIGH,informational
how to get rid of,how to get rid of snotty nose,12100,1.37,LOW,informational
how to get rid of,how to get rid of the dark circles,12100,1.67,HIGH,informational
how to get rid of,how to get rid of shin splints,12100,0.3,LOW,informational
how to get rid of,how to get rid of bruise fast,12100,0.79,MEDIUM,informational
how to get rid of,how to get rid of a sweat rash,12100,0.38,MEDIUM,informational
how to get rid of,how to get rid of a puffy eye,12100,1.27,HIGH,informational
how to get rid of,how to get rid of puffy eyelids,12100,1.27,HIGH,informational
how to get rid of,how to get rid of an oil stain on clothing,12100,0.61,MEDIUM,informational
how to get rid of,how to get rid of high fever,12100,0.76,LOW,informational
how to get rid of,how to get rid of white ants,12100,5.39,HIGH,informational
how to get rid of,how to get rid of a mattress,12100,5.21,MEDIUM,informational
how to get rid of,how to get rid of a rats,12100,3.44,HIGH,informational
how to get rid of,how to get rid of mice in the house,12100,3.49,HIGH,informational
how to get rid of,how to get rid of ingrown nails on toes,12100,0.29,HIGH,informational
how to get rid of,how to get rid of a stye inside your eye,12100,0.4,MEDIUM,informational
how to get rid of,how to get rid of ladybirds,12100,0.19,MEDIUM,informational
how to get rid of,how to get rid of puffy eye,12100,1.27,HIGH,informational
how to get rid of,how to get rid of fatty liver,12100,2.68,HIGH,informational
how to get rid of,how to get rid of ingrown nail,12100,0.29,HIGH,informational
how to get rid of,how to get rid of dark circle eyes,12100,1.67,HIGH,informational
how to get rid of,how to get rid of rats rodents,12100,3.44,HIGH,informational
how to get rid of,how to get rid of a stye on eyelid,12100,0.5,MEDIUM,informational
how to get rid of,how to get rid of stress tension headaches,12100,2.15,LOW,informational
how to get rid of,how to get rid of a uti quickly,12100,4.52,HIGH,informational
how to get rid of,how to get rid of the ladybugs,12100,0.19,MEDIUM,informational
how to get rid of,how to get rid of an ear infection,12100,0.62,LOW,informational
how to get rid of,how to get rid of cystic pimple,12100,2.37,HIGH,informational
how to get rid of,how to get rid of cystic pimples,12100,2.37,HIGH,informational
how to get rid of,how to get rid of a headache tension,12100,2.15,LOW,informational
how to get rid of,how to get rid of nose block,12100,1.84,LOW,informational
how to get rid of,how to get rid of mice in homes,12100,3.49,HIGH,informational
how to get rid of,how to get rid of uti quickly,12100,4.52,HIGH,informational
how to get rid of,how to get rid of from constipation,12100,0.61,MEDIUM,informational
how to get rid of,how to get rid of a stye on your eye,12100,0.4,MEDIUM,informational
how to get rid of,how to get rid of swollen eyes,12100,1.27,HIGH,informational
how to get rid of,how to get rid of puffiness under eye,12100,1.45,HIGH,informational
how to get rid of,how to get rid of a cyst spot,12100,2.37,HIGH,informational
how to get rid of,how to get rid of a clogged nose,12100,1.84,LOW,informational
how to get rid of,how to get rid of a pimple cyst,12100,2.37,HIGH,informational
how to get rid of,how to get rid of mouse in a house,12100,3.49,HIGH,informational
how to get rid of,how to get rid of a strep throat,12100,2.28,LOW,informational
how to get rid of,how to get rid of nail glue on nails,12100,0.29,LOW,informational
how to get rid of,how to get rid of a stye from your eye,12100,0.4,MEDIUM,informational
how to get rid of,how to get rid of forehead wrinkles,12100,2.14,HIGH,informational
how to get rid of,how to get rid of headache quick,12100,3.41,MEDIUM,informational
how to get rid of,how to get rid of a stye in an eye,12100,0.5,MEDIUM,informational
how to get rid of,how to get rid of candida in mouth,12100,0.71,MEDIUM,informational
how to get rid of,how to get rid of white ant,12100,5.39,HIGH,informational
how to get rid of,how to get get rid of period cramps,12100,2.16,LOW,informational
how to get rid of,how to get rid of a canker sore overnight,12100,0.32,MEDIUM,informational
how to get rid of,how to get rid of a sunburn faster,12100,0.13,MEDIUM,informational
how to get rid of,how to get rid of stuffed up nose,12100,1.84,LOW,informational
how to get rid of,how to get rid of wrinkles in forehead,12100,2.14,HIGH,informational
how to get rid of,how to get rid of from dark circles,12100,1.67,HIGH,informational
how to get rid of,how to get rid of the hives,12100,4.1,MEDIUM,informational
how to get rid of,how to get rid of a stress headache,12100,2.15,LOW,informational
how to get rid of,how to get rid of clogged nose,12100,1.84,LOW,informational
how to get rid of,how to get rid of a mold,12100,5.36,HIGH,informational
how to get rid of,how to get rid of dark circles eyes,12100,1.67,HIGH,informational
how to get rid of,how to get rid of mice inside the house,12100,3.49,HIGH,informational
how to get rid of,how to get rid of an oil stain on clothes,12100,0.61,MEDIUM,informational
how to get rid of,how to get rid of dark circle,12100,1.67,HIGH,informational
how to get rid of,how to get rid of cramps on period,12100,2.16,LOW,informational
how to get rid of,how to get rid of anay,12100,5.39,HIGH,informational
how to get rid of,how to get rid of under eye dark circle,12100,1.67,HIGH,informational
how to get rid of,how to get rid of remote access trojan,12100,3.44,HIGH,informational
how to get rid of,how to get rid of bruise quickly,12100,0.79,MEDIUM,informational
how to get rid of,how to get rid of under eye bags and puffiness,12100,1.45,HIGH,informational
how to get rid of,how to get rid of dark under eyes circles,12100,1.67,HIGH,informational
how to get rid of,how to get rid of wrinkles from forehead,12100,2.14,HIGH,informational
how to get rid of,how to get rid of black bags,12100,1.67,HIGH,informational
how to get rid of,how to get rid of stuffy nostril,12100,1.84,LOW,informational
how to get rid of,how to get rid of lady bug beetles,12100,0.19,MEDIUM,informational
how to get rid of,white ants how to get rid of,12100,5.39,HIGH,informational
how to get rid of,how to get rid of ingrown toenail,12100,0.29,HIGH,informational
how to get rid of,how to get rid of runny nose,12100,1.37,LOW,informational
how to get rid of,how to get rid of sunburn faster,12100,0.13,MEDIUM,informational
how to get rid of,how to get rid of a headache from stress,12100,2.15,LOW,informational
how to get rid of,how to get rid of indoor plant gnats,12100,0.34,HIGH,informational
how to get rid of,how to get rid of black under eye circles,12100,1.67,HIGH,informational
how to get rid of,how to get rid of pinworm infection,12100,1.16,MEDIUM,informational
how to get rid of,how to get rid of thrush mouth,12100,0.71,MEDIUM,informational
how to get rid of,how to get rid of gnats from your house,12100,0.33,HIGH,informational
how to get rid of,how to get rid of mouth thrush,12100,0.71,MEDIUM,informational
how to get rid of,how to get rid of a stye in the eye,12100,0.5,MEDIUM,informational
how to get rid of,how to get rid of keloid,12100,0.88,HIGH,informational
how to get rid of,how to get rid of forehead creases,12100,2.14,HIGH,informational
how to stop,how to stop spam calls,90500,3.44,MEDIUM,informational
how to stop,how to stop junk calls,90500,3.44,MEDIUM,informational
how to stop,how to stop spam phone calls,90500,3.44,MEDIUM,informational
how to stop,how to stop spamming calls,90500,3.44,MEDIUM,informational
how to stop,how to stop spam calling,90500,3.44,MEDIUM,informational
how to stop,how to stop spam callers,90500,3.44,MEDIUM,informational
how to stop,how to stop spam telephone calls,90500,3.44,MEDIUM,informational
how to stop,how to stop unsolicited calls,90500,3.44,MEDIUM,informational
how to stop,how to stop unsolicited phone calls,90500,3.44,MEDIUM,informational
how to stop,how to stop junk phone calls,90500,3.44,MEDIUM,informational
how to stop,how to stop hiccups,74000,0.09,LOW,informational
how to stop,how to stop a hiccup,74000,0.09,LOW,informational
how to stop,how to stop the hiccups,74000,0.09,LOW,informational
how to stop,how to stop vikkal,74000,0.09,LOW,informational
how to stop,how to to stop hiccups,74000,0.09,LOW,informational
how to stop,how to stop spam calls iphone,60500,3.18,LOW,informational
how to stop,how to stop junk calls on iphone,60500,3.18,LOW,informational
how to stop,how to stop spam calls on iphone,60500,3.18,LOW,informational
how to stop,how to stop spam call on iphone,60500,3.18,LOW,informational
how to stop,how to stop spam calling on iphone,60500,3.18,LOW,informational
how to stop,how to stop spam phone calls on iphone,60500,3.18,LOW,informational
how to stop,how to stop unwanted phone calls on iphone,60500,3.18,LOW,informational
how to stop,how to stop unwanted calls on iphone,60500,3.18,LOW,informational
how to stop,how to stop snorers,49500,2.68,HIGH,informational
how to stop,how to stop diarrhoea,49500,0.49,LOW,informational
how to stop,how to to stop snoring,49500,2.68,HIGH,informational
how to stop,how to to stop diarrhea,49500,0.49,LOW,informational
how to stop,how to stop the snoring,49500,2.68,HIGH,informational
how to stop,how to stop snoring,49500,2.68,HIGH,informational
how to stop,how to stop stop snoring,49500,2.68,HIGH,informational
how to stop,how to stop from snoring,49500,2.68,HIGH,informational
how to stop,how to stop the diarrhea,49500,0.49,LOW,informational
how to stop,how to stop snore,49500,2.68,HIGH,informational
how to stop,how to stop diarrhea,49500,0.49,LOW,informational
how to stop,how to stop bleeding nose,40500,0.14,LOW,informational
how to stop,how to stop cough,40500,0.65,LOW,informational
how to stop,how to stop bleeding from the nose,40500,0.14,LOW,informational
how to stop,epistaxis how to stop,40500,0.14,LOW,informational
how to stop,how to stop the bleeding nose,40500,0.14,LOW,informational
how to stop,how to stop coughing,40500,0.65,LOW,informational
how to stop,how to stop s bloody nose,40500,0.14,LOW,informational
how to stop,how to stop bleeding from nose,40500,0.14,LOW,informational
how to stop,bloody nose how to stop,40500,0.14,LOW,informational
how to stop,nose bleeding how to stop,40500,0.14,LOW,informational
how to stop,bleeding nose how to stop,40500,0.14,LOW,informational
how to stop,how to stop nasal bleeding,40500,0.14,LOW,informational
how to stop,how to stop a bleeding nose,40500,0.14,LOW,informational
how to stop,how to to stop coughing,40500,0.65,LOW,informational
how to stop,how to stop the cough,40500,0.65,LOW,informational
how to stop,how to stop the nose bleeding,40500,0.14,LOW,informational
how to stop,how to stop epistaxis,40500,0.14,LOW,informational
how to stop,how to stop a nose bleed,40500,0.14,LOW,informational
how to stop,how to stop a nose bleeds,40500,0.14,LOW,informational
how to stop,how to stop a nosebleed,40500,0.14,LOW,informational
how to stop,how to stop kidney stones,33100,0.47,LOW,informational
how to stop,how to stop amazon prime,33100,2.18,LOW,informational
how to stop,how to to stop a runny nose,27100,1.22,MEDIUM,informational
how to stop,how to stop a runny nose,27100,1.22,MEDIUM,informational
how to stop,how to stop flowing nose,27100,1.22,MEDIUM,informational
how to stop,how to stop drippy nose,27100,1.22,MEDIUM,informational
how to stop,how to stop leg cramps instantly,27100,0.69,MEDIUM,informational
how to stop,how to stop apples from browning,27100,0.04,MEDIUM,informational
how to stop,how to stop browning of apples,27100,0.04,MEDIUM,informational
how to stop,how to stop location on iphone,27100,0.03,LOW,informational
how to stop,how to stop the runny nose,27100,1.22,MEDIUM,informational
how to stop,how to stop bloatedness,27100,1.09,MEDIUM,informational
how to stop,how to stop a leg cramp immediately,27100,0.69,MEDIUM,informational
how to stop,how to stop dripping nose,27100,1.22,MEDIUM,informational
how to stop,how to stop bloating,27100,1.09,MEDIUM,informational
how to stop,how to stop a subscription on amazon,27100,4.35,LOW,informational
how to stop,how to immediately stop leg cramps,27100,0.69,MEDIUM,informational
how to stop,how to stop a nose from running,27100,1.22,MEDIUM,informational
how to stop,how to stop private browsing,27100,1.6,LOW,informational
how to stop,how to stop leg cramps immediately,27100,0.69,MEDIUM,informational
how to stop,how to stop nose from running,27100,1.22,MEDIUM,informational
how to stop,how to stop nose running,27100,1.22,MEDIUM,informational
how to stop,how to stop an apple from turning brown,27100,0.04,MEDIUM,informational
how to stop,how to stop bloat,27100,1.09,MEDIUM,informational
how to stop,how to stop subscriptions,22200,15.87,LOW,informational
how to stop,how to stop from throwing up,22200,0.65,LOW,informational
how to stop,how to stop subscriptions on iphone,22200,7.7,LOW,informational
how to stop,how to stop the vomit,22200,0.65,LOW,informational
how to stop,how to stop itching down there immediately,22200,1.66,HIGH,informational
how to stop,how to stop subscription,22200,15.87,LOW,informational
how to stop,how to stop puking,22200,0.65,LOW,informational
how to stop,how to stop a subscription on iphone,22200,7.7,LOW,informational
how to stop,how to stop vomiting,22200,0.65,LOW,informational
how to stop,how to stop vomit,22200,0.65,LOW,informational
how to stop,how to stop the vomiting,22200,0.65,LOW,informational
how to stop,how to stop a subscription,22200,15.87,LOW,informational
how to stop,how to stop being sick,22200,0.65,LOW,informational
how to stop,how to stop subscription on iphone,22200,7.7,LOW,informational
how to stop,how to stop throwing up,22200,0.65,LOW,informational
how to stop,how to stop and eye twitch,18100,0.16,LOW,informational
how to stop,how to stop twitchy eye,18100,0.16,LOW,informational
how to stop,how to stop restless legs immediately,18100,0.91,HIGH,informational
how to stop,how to stop pipes freezing,18100,0.52,MEDIUM,informational
how to stop,how to stop pipes from freezing,18100,0.52,MEDIUM,informational
how to stop,how to stop eye twitch,18100,0.16,LOW,informational
how to stop,how to stop eye from twitching,18100,0.16,LOW,informational
how to stop,how to stop eye tics,18100,0.16,LOW,informational
how to stop,how to stop addiction of porn,18100,3.77,LOW,informational
how to stop,how to stop cortisol,18100,1.05,HIGH,informational
how to stop,how to stop unknown calls on iphone,18100,1.03,LOW,informational
how to stop,how to stop addiction to ponography,18100,3.77,LOW,informational
how to stop,how to stop a panic anxiety attack,18100,2.12,LOW,informational
how to stop,how to stop restless leg immediately,18100,0.91,HIGH,informational
how to stop,how to stop a porn addiction,18100,3.77,LOW,informational
how to stop,how to stop twitching in eye,18100,0.16,LOW,informational
how to stop,how to stop panic attack,18100,2.12,LOW,informational
how to stop,how to stop twitching eye,18100,0.16,LOW,informational
how to stop,how to stop a panic attack,18100,2.12,LOW,informational
how to stop,how to stop pornography addiction,18100,3.77,LOW,informational
how to stop,how to stop getting tonsil.stones,18100,0.67,LOW,informational
how to stop,how to stop spotify premium,18100,3.21,LOW,informational
how to stop,anxiety attack how to stop,18100,2.12,LOW,informational
how to stop,how to stop eye twitching,18100,0.16,LOW,informational
how to stop,how to stop a eye twitch,18100,0.16,LOW,informational
how to stop,how to stop hulu subscription,18100,2.98,LOW,informational
how to stop,how to stop a twitching eye,18100,0.16,LOW,informational
how to stop,how to stop a nasal drip,18100,0.99,MEDIUM,informational
how to stop,how to stop eyelid twitching,18100,0.16,LOW,informational
how to stop,how to stop an eye twitch,18100,0.16,LOW,informational
how to stop,how to stop nasal drip,18100,0.99,MEDIUM,informational
how to stop,how to stop a post nasal drip,18100,0.99,MEDIUM,informational
how to stop,how to stop post nasal drip,18100,0.99,MEDIUM,informational
how to stop,how to stop unknown calls iphone,18100,1.03,LOW,informational
how to stop,how to stop the eye from twitching,18100,0.16,LOW,informational
how to stop,how to stop panic attacks,18100,2.12,LOW,informational
how to stop,how to stop the panic attacks,18100,2.12,LOW,informational
how to stop,how to stop anxiety attack,18100,2.12,LOW,informational
how to stop,how to stop a anxiety attack,18100,2.12,LOW,informational
how to stop,how to stop freezing pipes,18100,0.52,MEDIUM,informational
how to stop,how to stop porn addiction,18100,3.77,LOW,informational
how to stop,how to stop an eye twitching,18100,0.16,LOW,informational
how to stop,how to stop an eyelid from twitching,18100,0.16,LOW,informational
how to stop,how to stop a twitchy eyelid,18100,0.16,LOW,informational
how to stop,how to stop post nasal.drip,18100,0.99,MEDIUM,informational
how to stop,how to stop getting tonsil stones,18100,0.67,LOW,informational
how to stop,how to stop,18100,0,LOW,informational
how to stop,how to stop an eye from twitching,18100,0.16,LOW,informational
how to stop,how to stop the itching from mosquito bites,14800,0.13,MEDIUM,informational
how to stop,how to stop a toothache pain fast,14800,2.28,HIGH,informational
how to stop,how to stop a smoke detector beeping,14800,0.55,LOW,informational
how to stop,how to stop gastric reflux,14800,0.79,LOW,informational
how to stop,how to stop hiccups in newborns,14800,0.07,LOW,informational
how to stop,how to stop bloody noses,14800,0.16,LOW,informational
how to stop,how to stop itching mosquito bites,14800,0.13,MEDIUM,informational
how to stop,tinnitus how to stop,14800,1.18,MEDIUM,informational
how to stop,how to stop overthinking,14800,2.86,LOW,informational
how to stop,how to stop smoke alarm beeping,14800,0.55,LOW,informational
how to stop,how to stop mosquitoes bites from itching,14800,0.13,MEDIUM,informational
how to stop,how to stop the nausea,14800,0.67,LOW,informational
how to stop,how to stop hiccups in infants,14800,0.07,LOW,informational
how to stop,how to stop hiccups on infants,14800,0.07,LOW,informational
how to stop,how to stop mosquito bite from itching,14800,0.13,MEDIUM,informational
how to stop,how to stop mosquito bite itch,14800,0.13,MEDIUM,informational
how to stop,how to stop mosquito bites itching,14800,0.13,MEDIUM,informational
how to stop,how to stop a smoke detector from chirping,14800,0.55,LOW,informational
how to stop,how to stop hiccups with newborn,14800,0.07,LOW,informational
how to stop,how to stop a fire detector from beeping,14800,0.55,LOW,informational
how to stop,how to stop toothaches fast,14800,2.28,HIGH,informational
how to stop,how to stop a newborn from hiccuping,14800,0.07,LOW,informational
how to stop,how to stop ringing ears,14800,1.18,MEDIUM,informational
how to stop,how to stop hiccups in an infant,14800,0.07,LOW,informational
how to stop,how to stop getting spam phone calls,14800,4.62,MEDIUM,informational
how to stop,how to stop a mosquito bite from itching,14800,0.13,MEDIUM,informational
how to stop,how to stop itch from mosquito bites,14800,0.13,MEDIUM,informational
how to stop,how to stop acid reflux disease,14800,0.79,LOW,informational
how to stop,how to stop ring in the ears,14800,1.18,MEDIUM,informational
how to stop,how to stop netflix subscription,14800,2.58,LOW,informational
how to stop,how to stop ears ringing,14800,1.18,MEDIUM,informational
how to stop,how to stop receiving spam calls,14800,4.62,MEDIUM,informational
how to stop,how to stop fire alarm chirp,14800,0.55,LOW,informational
how to stop,how to stop feeling nausea,14800,0.67,LOW,informational
how to stop,how to stop itch mosquito bite,14800,0.13,MEDIUM,informational
how to stop,how to stop feeling sick,14800,0.67,LOW,informational
how to stop,smoke alarm beeping how to stop,14800,0.55,LOW,informational
how to stop,how to stop tinnitus in ear,14800,1.18,MEDIUM,informational
how to stop,how to stop bleeding on nose,14800,0.16,LOW,informational
how to stop,how to stop the pain of a toothache fast,14800,2.28,HIGH,informational
how to stop,how to stop hiccups on newborn,14800,0.07,LOW,informational
how to stop,how to stop smoke detector from chirping,14800,0.55,LOW,informational
how to stop,how to stop the nose from bleeding,14800,0.16,LOW,informational
how to stop,how to stop chirping on smoke detector,14800,0.55,LOW,informational
how to stop,how to stop tooth pain quick,14800,2.28,HIGH,informational
how to stop,how to stop nosebleed,14800,0.16,LOW,informational
how to stop,how to get spammers to stop calling,14800,4.62,MEDIUM,informational
how to stop,how to stop smoke alarms from beeping,14800,0.55,LOW,informational
how to stop,how to stop nosebleeds,14800,0.16,LOW,informational
how to stop,how to stop a bloody nose from bleeding,14800,0.16,LOW,informational
how to stop,how to stop buzzing in ears,14800,1.18,MEDIUM,informational
how to stop,how to stop itch from mosquito bite,14800,0.13,MEDIUM,informational
how to stop,how to stop a beeping smoke detector,14800,0.55,LOW,informational
how to stop,how to stop scratching a mosquito bite,14800,0.13,MEDIUM,informational
how to stop,how to stop nausea,14800,0.67,LOW,informational
how to stop,how to stop mosquito itch,14800,0.13,MEDIUM,informational
how to stop,how to stop smoke detector from beeping,14800,0.55,LOW,informational
how to stop,how to stop fire alarm from chirping,14800,0.55,LOW,informational
how to stop,how to stop mosquito bites itchy,14800,0.13,MEDIUM,informational
how to stop,how to stop mosquito bites itch,14800,0.13,MEDIUM,informational
how to stop,how to stop a nose from bleeding,14800,0.16,LOW,informational
how to stop,how to stop mosquito bites from itching,14800,0.13,MEDIUM,informational
how to stop,nosebleed how to stop bleeding,14800,0.16,LOW,informational
how to stop,how to stop ringing of ears,14800,1.18,MEDIUM,informational
how to stop,how to stop a newborn hiccups,14800,0.07,LOW,informational
how to stop,how to stop newborn hiccups,14800,0.07,LOW,informational
how to stop,how to stop feeling queasy,14800,0.67,LOW,informational
how to stop,how to stop fire detector from beeping,14800,0.55,LOW,informational
how to stop,how to stop hiccups on a newborn,14800,0.07,LOW,informational
how to stop,how to stop ear buzzing,14800,1.18,MEDIUM,informational
how to stop,how to stop acid reflux,14800,0.79,LOW,informational
how to stop,how to stop the itch of mosquito bites,14800,0.13,MEDIUM,informational
how to stop,how to stop itchy from mosquito bites,14800,0.13,MEDIUM,informational
how to stop,how to stop the ear ringing,14800,1.18,MEDIUM,informational
how to stop,how to stop buzzing in the ears,14800,1.18,MEDIUM,informational
how to stop,how to get spam calls to stop,14800,4.62,MEDIUM,informational
how to stop,how to stop ears from ringing,14800,1.18,MEDIUM,informational
how to stop,how to stop getting spam calls,14800,4.62,MEDIUM,informational
how to stop,how to stop a bloody nose,14800,0.08,LOW,informational
how to stop,how to stop an itching bug bite,14800,0.13,MEDIUM,informational
how to stop,how to stop beeping smoke detector,14800,0.55,LOW,informational
how to stop,how to stop hiccups for a newborn,14800,0.07,LOW,informational
how to stop,how to stop bleeding of nose,14800,0.16,LOW,informational
how to stop,how to stop chirping fire alarm,14800,0.55,LOW,informational
how to stop,how to stop bloody nose,14800,0.16,LOW,informational
how to stop,how to stop a smoke detector from beeping,14800,0.55,LOW,informational
how to stop,how to stop hiccups for newborn,14800,0.07,LOW,informational
how to stop,nose bleed how to stop,14800,0.16,LOW,informational
how to stop,how to stop reflux acid,14800,0.79,LOW,informational
how to stop,how to stop itching for mosquito bites,14800,0.13,MEDIUM,informational
how to stop,nosebleed how to stop,14800,0.16,LOW,informational
how to stop,nosebleeds how to stop,14800,0.16,LOW,informational
how to stop,how to stop ringing of the ears,14800,1.18,MEDIUM,informational
how to stop,how to stop reflux,14800,0.79,LOW,informational
how to stop,how to stop fire alarm chirping,14800,0.55,LOW,informational
how to stop,how to stop smoke detector beeping,14800,0.55,LOW,informational
how to stop,how do you get a smoke alarm to stop chirping,14800,0.55,LOW,informational
how to stop,how to stop itch mosquito bites,14800,0.13,MEDIUM,informational
how to stop,how to stop infant from hiccups,14800,0.07,LOW,informational
how to stop,how to stop scratching a bug bite,14800,0.13,MEDIUM,informational
how to stop,how to stop smoke alarm from beeping,14800,0.55,LOW,informational
how to stop,how to stop tooth pain fast,14800,2.28,HIGH,informational
how to stop,how to stop the smoke alarm from beeping,14800,0.55,LOW,informational
how to stop,how to stop smoke alarm chirping,14800,0.55,LOW,informational
how to stop,how to stop chirping smoke detectors,14800,0.55,LOW,informational
how to stop,how to stop a ear from ringing,14800,1.18,MEDIUM,informational
how to stop,how to stop newborn from hiccups,14800,0.07,LOW,informational
how to stop,how to stop hiccups for newborns,14800,0.07,LOW,informational
how to stop,how to stop mosquito bite itching,14800,0.13,MEDIUM,informational
how to stop,how to stop an acid reflux,14800,0.79,LOW,informational
how to stop,how to stop hiccups in newborn,14800,0.07,LOW,informational
how to stop,how to stop itch of mosquito bites,14800,0.13,MEDIUM,informational
how to stop,how to stop an ear from ringing,14800,1.18,MEDIUM,informational
how to stop,how to stop hiccups in a newborn,14800,0.07,LOW,informational
how to stop,how to stop ring in ears,14800,1.18,MEDIUM,informational
how to stop,how to stop smoke detectors from chirping,14800,0.55,LOW,informational
how to stop,how to stop chirping smoke detector,14800,0.55,LOW,informational
how to stop,how to stop the smoke detector from chirping and beeping,14800,0.55,LOW,informational
how to stop,how to stop sticky keys,14800,0,LOW,informational
how to stop,how to stop hiccups on newborns,14800,0.07,LOW,informational
how to stop,how to stop the smoke alarm beeping,14800,0.55,LOW,informational
how to stop,how to stop a smoke alarm beeping,14800,0.55,LOW,informational
how to stop,how to stop hiccups in infant,14800,0.07,LOW,informational
how to stop,how to stop beeping smoke alarm,14800,0.55,LOW,informational
how to stop,how to stop smoke alarms chirping,14800,0.55,LOW,informational
how to stop,how to stop itchy mosquito bites,14800,0.13,MEDIUM,informational
how to stop,how to stop infant hiccups,14800,0.07,LOW,informational
how to stop,how to stop the smoke detector from chirping,14800,0.55,LOW,informational
how to stop,how to stop a toothache fast,14800,2.28,HIGH,informational
how to stop,how to stop the smoke detector from beeping,14800,0.55,LOW,informational
how to stop,how to stop toothache fast,14800,2.28,HIGH,informational
how to stop,how to stop smoke detectors from beeping,14800,0.55,LOW,informational
how to stop,how to stop itching from mosquito bites,14800,0.13,MEDIUM,informational
how to stop,how to stop the smoke alarm from chirping,14800,0.55,LOW,informational
how to stop,how to stop sulfur burps,14800,0.38,LOW,informational
how to stop,how to stop from overthinking,14800,2.86,LOW,informational
how to stop,how to stop a fire alarm beeping,14800,0.55,LOW,informational
how to stop,how to stop a cough at night,12100,0.4,MEDIUM,informational
how to stop,how to add stop uber,12100,3.5,LOW,informational
how to stop,how to stop a heartburn,12100,0.7,LOW,informational
how to stop,how to stop your period,12100,3.05,MEDIUM,informational
how to stop,how to stop coughing at night,12100,0.4,MEDIUM,informational
how to stop,how to stop coughing on a night,12100,0.4,MEDIUM,informational
how to stop,how to your period stop,12100,3.05,MEDIUM,informational
how to stop,diarrhea how to stop it fast,12100,0.39,MEDIUM,informational
how to stop,how to stop menstrual pain,12100,1.88,LOW,informational
how to stop,how to stop the sneezing,12100,2.33,LOW,informational
how to stop,how to stop night cough,12100,0.4,MEDIUM,informational
how to stop,how to stop prime membership,12100,0.84,LOW,informational
how to stop,how to stop inflammation in body,12100,1.17,HIGH,informational
how to stop,how to stop a period,12100,3.05,MEDIUM,informational
how to stop,how to add a stop on uber,12100,3.5,LOW,informational
how to stop,how to add a stop to uber,12100,3.5,LOW,informational
how to stop,how to stop the heartburn,12100,0.7,LOW,informational
how to stop,how to stop menstrual cramp,12100,1.88,LOW,informational
how to stop,how to stop cramps in period,12100,1.88,LOW,informational
how to stop,how to stop blood from nose,12100,0.13,LOW,informational
how to stop,how to stop your menstruation,12100,3.05,MEDIUM,informational
how to stop,how to stop the period,12100,3.05,MEDIUM,informational
how to stop,how to stop menstrual cramps,12100,1.88,LOW,informational
how to stop,how to stop the coughing at night,12100,0.4,MEDIUM,informational
how to stop,how to stop a menstruation,12100,3.05,MEDIUM,informational
how to stop,how to stop menstruation cramps,12100,1.88,LOW,informational
how to stop,how to stop audible subscription,12100,2.81,LOW,informational
how to stop,how to add a stop uber,12100,3.5,LOW,informational
how to stop,how to stop coughing night,12100,0.4,MEDIUM,informational
how to stop,how to stop a period cramps,12100,1.88,LOW,informational
how to stop,how to stop cramps period,12100,1.88,LOW,informational
how to stop,how to stop menstruation pain,12100,1.88,LOW,informational
how to stop,how to add stop to uber,12100,3.5,LOW,informational
how to stop,how to stop diarrhea instantly,12100,0.39,MEDIUM,informational
how to stop,how to stop diarrhea fast,12100,0.39,MEDIUM,informational
how to stop,how to quickly stop diarrhea,12100,0.39,MEDIUM,informational
how to stop,how to stop experian membership,12100,7.44,LOW,informational
how to stop,how to stop heartburn,12100,0.7,LOW,informational
how to stop,how to stop period cramps,12100,1.88,LOW,informational
how to stop,how to stop a menstrual period,12100,3.05,MEDIUM,informational
how to stop,how to immediately stop diarrhea,12100,0.39,MEDIUM,informational
how to stop,how to stop inflammation in the body,12100,1.17,HIGH,informational
how to stop,how to stop cramps for period,12100,1.88,LOW,informational
how to stop,how to stop a night cough,12100,0.4,MEDIUM,informational
how to stop,how to add stop on uber,12100,3.5,LOW,informational
how to stop,how to stop a period cramp,12100,1.88,LOW,informational
how to stop,how to stop cough in night,12100,0.4,MEDIUM,informational
how to stop,how to stop cramps in periods,12100,1.88,LOW,informational
how to stop,how to stop diarrhea immediately,12100,0.39,MEDIUM,informational
how to stop,how to stop sneeze,12100,2.33,LOW,informational
how to stop,how to stop from procrastinating,12100,2.87,LOW,informational
how to stop,how to stop procrastinating,12100,2.87,LOW,informational
how to stop,how to stop a diarrhea fast,12100,0.39,MEDIUM,informational
how to stop,how to stop nighttime cough,12100,0.4,MEDIUM,informational
how to stop,how to add a stop in uber,12100,3.5,LOW,informational
how to stop,how to stop a period pain,12100,1.88,LOW,informational
how to stop,how to stop your periods,12100,3.05,MEDIUM,informational
how to stop,how to stop diarrhoea quickly,12100,0.39,MEDIUM,informational
how to stop,how to stop cramps when on period,12100,1.88,LOW,informational
how to stop,how to stop a coughing at night,12100,0.4,MEDIUM,informational
how to stop,how to stop sneezing,12100,2.33,LOW,informational
how to stop,how to stop menstrual cramping,12100,1.88,LOW,informational
how to stop,how to stop cramps menstrual,12100,1.88,LOW,informational
how to stop,how to stop a sneeze,12100,2.33,LOW,informational
how to stop,how to stop procrastination,12100,2.87,LOW,informational
how to stop,how to stop a cough in the night,12100,0.4,MEDIUM,informational
how to stop,how to stop the period cramps,12100,1.88,LOW,informational
how to stop,how to stop diarrhea quickly,12100,0.39,MEDIUM,informational
how to stop,how to to stop your period,12100,3.05,MEDIUM,informational
how to stop,how to stop nose bleeding,12100,0.13,LOW,informational
how to stop,how to stop the diarrhea fast,12100,0.39,MEDIUM,informational
how to stop,how to stop the runs fast,12100,0.39,MEDIUM,informational
how to stop,how to stop night coughing,12100,0.4,MEDIUM,informational
how to stop,how to stop diarrhoea fast,12100,0.39,MEDIUM,informational
how to stop,how to stop craving sugary foods,9900,0.92,HIGH,informational
how to stop,how to stop the junk email,9900,4.59,LOW,informational
how to stop,how to stop the hiccups immediately,9900,0.1,LOW,informational
how to stop,how to stop the sugar cravings,9900,0.92,HIGH,informational
how to stop,how to stop no caller id on iphone,9900,0.9,LOW,informational
how to stop,how to stop heart palpitations,9900,2.1,LOW,informational
how to stop,how to stop junk email,9900,4.59,LOW,informational
how to stop,how to stop puppy for biting,9900,1.14,HIGH,informational
how to stop,how to stop nipping in a puppy,9900,1.14,HIGH,informational
how to stop,how to stop getting spam emails,9900,4.59,LOW,informational
how to stop,puppy nipping how to stop,9900,1.14,HIGH,informational
how to stop,how to stop cravings for sweets,9900,0.92,HIGH,informational
how to stop,how to stop masturbating,9900,3.42,LOW,informational
how to stop,how to stop hiccups fast,9900,0.1,LOW,informational
how to stop,how-to-stop-spam-emails,9900,4.59,LOW,informational
how to stop,how to stop incognito browsing,9900,0,LOW,informational
how to stop,how to instantly stop hiccups,9900,0.1,LOW,informational
how to stop,how to stop nipping puppy,9900,1.14,HIGH,informational
how to stop,how to stop masterbation,9900,3.42,LOW,informational
how to stop,how to stop sugar cravings,9900,0.92,HIGH,informational
how to stop,how to stop heart flutter,9900,2.1,LOW,informational
how to stop,how to stop no caller id calls on iphone,9900,0.9,LOW,informational
how to stop,how to stop cravings for sugar,9900,0.92,HIGH,informational
how to stop,how to stop restless legs syndrome,9900,0.67,MEDIUM,informational
how to stop,how to stop puppies nipping,9900,1.14,HIGH,informational
how to stop,how to stop spam in email,9900,4.59,LOW,informational
how to stop,how to stop spam from email,9900,4.59,LOW,informational
how to stop,how to stop getting spam mail,9900,4.59,LOW,informational
how to stop,how to stop cravings sweets,9900,0.92,HIGH,informational
how to stop,how to stop bingeing,9900,6.83,MEDIUM,informational
how to stop,how to stop a puppy biting,9900,1.14,HIGH,informational
how to stop,how to stop a puppy for biting,9900,1.14,HIGH,informational
how to stop,how to stop palpitate,9900,2.1,LOW,informational
how to stop,how to stop puppies from biting,9900,1.14,HIGH,informational
how to stop,how to stop restless leg,9900,0.67,MEDIUM,informational
how to stop,how to stop craving sweets,9900,0.92,HIGH,informational
how to stop,how to stop spam email,9900,4.59,LOW,informational
how to stop,how to puppy stop biting,9900,1.14,HIGH,informational
how to stop,how to stop hiccups instantly,9900,0.1,LOW,informational
how to stop,how to stop junk emails,9900,4.59,LOW,informational
how to stop,how to stop watching ponography,9900,4.3,LOW,informational
how to stop,how to stop getting spam email,9900,4.59,LOW,informational
how to stop,how to stop spam emails,9900,4.59,LOW,informational
how to stop,spam mail how to stop,9900,4.59,LOW,informational
how to stop,how to stop the hiccups instantly,9900,0.1,LOW,informational
how to stop,how to stop crying,9900,3.32,LOW,informational
how to stop,how to stop puppy to bite,9900,1.14,HIGH,informational
how to stop,how to stop puppy from nipping,9900,1.14,HIGH,informational
how to stop,how to stop receding gum lines,9900,1.49,HIGH,informational
how to stop,how to stop amazon prime membership,9900,2.58,LOW,informational
how to stop,how to stop craving for sweets,9900,0.92,HIGH,informational
how to stop,how to stop jumpy legs,9900,0.67,MEDIUM,informational
how to stop,how to stop watching pornography,9900,4.3,LOW,informational
how to stop,how to stop nipping puppies,9900,1.14,HIGH,informational
how to stop,how to stop the puppy from biting,9900,1.14,HIGH,informational
how to stop,how to stop watching porn,9900,4.3,LOW,informational
how to stop,how to stop a puppy from nipping,9900,1.14,HIGH,informational
how to stop,how to stop gingival recession,9900,1.49,HIGH,informational
how to stop,how to stop binging,9900,6.83,MEDIUM,informational
how to stop,how to stop receiving spam email,9900,4.59,LOW,informational
how to stop,how to stop heart flutters,9900,2.1,LOW,informational
how to stop,how to stop heart fluttering,9900,2.1,LOW,informational
how to stop,how to stop pugs from biting,9900,1.14,HIGH,informational
how to stop,how to stop watching p,9900,4.3,LOW,informational
how to stop,how to stop stroke,9900,2.92,LOW,informational
how to stop,how to stop masterburation,9900,3.42,LOW,informational
how to stop,how to stop email spammers,9900,4.59,LOW,informational
how to stop,how to stop gums receding,9900,1.49,HIGH,informational
how to stop,how to stop craving for sugar,9900,0.92,HIGH,informational
how to stop,how to stop palpitation,9900,2.1,LOW,informational
how to stop,how to stop gum recession,9900,1.49,HIGH,informational
how to stop,how to stop the cravings for sugar,9900,0.92,HIGH,informational
how to stop,how to stop the craving for sweets,9900,0.92,HIGH,informational
how to stop,how to stop puppies biting,9900,1.14,HIGH,informational
how to stop,how to stop an amazon prime membership,9900,2.58,LOW,informational
how to stop,how to stop a puppy from nipping and biting,9900,1.14,HIGH,informational
how to stop,how to stop vikkal immediately,9900,0.1,LOW,informational
how to stop,how to stop a receding gum line,9900,1.49,HIGH,informational
how to stop,how to to stop smoking,9900,3.71,HIGH,informational
how to stop,how to stop spam on emails,9900,4.59,LOW,informational
how to stop,how to stop receding gums,9900,1.49,HIGH,informational
how to stop,how to stop email junk,9900,4.59,LOW,informational
how to stop,how to stop pup biting,9900,1.14,HIGH,informational
how to stop,how to stop getting junk email,9900,4.59,LOW,informational
how to stop,how to stop biting in puppies,9900,1.14,HIGH,informational
how to stop,how to stop getting junk e mail,9900,4.59,LOW,informational
how to stop,how to stop puppy from biting,9900,1.14,HIGH,informational
how to stop,how to stop restless legs,9900,0.67,MEDIUM,informational
how to stop,how to stop spam junk mail,9900,4.59,LOW,informational
how to stop,how to stop receding gum line,9900,1.49,HIGH,informational
how to stop,how to stop rls,9900,0.67,MEDIUM,informational
how to stop,how to stop kindle unlimited,9900,4.49,LOW,informational
how to stop,how to stop biting from a puppy,9900,1.14,HIGH,informational
how to stop,how to stop receiving spam emails,9900,4.59,LOW,informational
how to stop,how to stop biting in a puppy,9900,1.14,HIGH,informational
how to stop,how to stop biting puppy,9900,1.14,HIGH,informational
how to stop,how to stop it,9900,0,LOW,informational
how to stop,how to stop a nipping puppy,9900,1.14,HIGH,informational
how to stop,how to stop spam calls android,9900,2.94,MEDIUM,informational
how to stop,how to stop hiccups immediately,9900,0.1,LOW,informational
how to stop,binge eating and how to stop,9900,6.83,MEDIUM,informational
how to stop,how to stop email spam,9900,4.59,LOW,informational
how to stop,how to stop the craving for sugar,9900,0.92,HIGH,informational
how to stop,how to stop gums from receding,9900,1.49,HIGH,informational
how to stop,how to stop puppy biting,9900,1.14,HIGH,informational
how to stop,how to stop getting junk emails,9900,4.59,LOW,informational
how to stop,how to stop a biting puppy,9900,1.14,HIGH,informational
how to stop,how to stop a receding gum,9900,1.49,HIGH,informational
how to stop,how to stop puppy from nipping and biting,9900,1.14,HIGH,informational
how to stop,how to stop spamming emails,9900,4.59,LOW,informational
how to stop,how to immediately stop hiccups,9900,0.1,LOW,informational
how to stop,how to stop craving sugary food,9900,0.92,HIGH,informational
how to stop,how to stop craving sugar,9900,0.92,HIGH,informational
how to stop,how to stop a sugar craving,9900,0.92,HIGH,informational
how to stop,how to stop jumping legs,9900,0.67,MEDIUM,informational
how to stop,how to stop spam in emails,9900,4.59,LOW,informational
how to stop,how to stop gum line receding,9900,1.49,HIGH,informational
how to stop,how to stop runny nose,9900,1.13,LOW,informational
how to stop,how to stop a grease fire,9900,0.09,LOW,informational
how to stop,how to stop prime membership in amazon,9900,2.58,LOW,informational
how to stop,how to stop swelling feet,9900,0.98,MEDIUM,informational
how to stop,how to stop craving sweet,9900,0.92,HIGH,informational
how to stop,how to stop binges,9900,6.83,MEDIUM,informational
how to stop,how to stop palpitations,9900,2.1,LOW,informational
how to stop,how to stop spam calls on android,9900,3.88,MEDIUM,informational
how to stop,how to stop spam and junk mail,9900,4.59,LOW,informational
how to stop,how to stop running toilets,8100,0.7,MEDIUM,informational
how to stop,how to stop leg cramps,8100,0.36,MEDIUM,informational
how to stop,how to stop yourself throwing up,8100,0.72,LOW,informational
how to stop,how to stop cramps legs,8100,0.36,MEDIUM,informational
how to stop,how to stop sliced apples from turning brown,8100,0.05,MEDIUM,informational
how to stop,how to stop snoring during sleeping,8100,2.87,HIGH,informational
how to stop,how to stop leg cramping,8100,0.36,MEDIUM,informational
how to stop,how to stop vape,8100,4.96,HIGH,informational
how to stop,how to stop yourself from throwing up,8100,0.72,LOW,informational
how to stop,how to say stop in spanish,8100,1.16,LOW,informational
how to stop,how to stop charley horse,8100,0.16,MEDIUM,informational
how to stop,how to stop yourself from puking,8100,0.72,LOW,informational
how to stop,how to stop snore when sleeping,8100,2.87,HIGH,informational
how to stop,how to stop snore while sleeping,8100,2.87,HIGH,informational
how to stop,how to stop a charley horse,8100,0.16,MEDIUM,informational
how to stop,how to stop drinking alcohol,8100,8,MEDIUM,informational
how to stop,how to stop snoring when sleeping,8100,2.87,HIGH,informational
how to stop,how to stop leg muscle cramps,8100,0.36,MEDIUM,informational
how to stop,how to stop yourself from being sick,8100,0.72,LOW,informational
how to stop,how to stop snore during sleep,8100,2.87,HIGH,informational
how to stop,how to stop a cough,8100,0.46,MEDIUM,informational
how to stop,how to stop the toilet from running,8100,0.7,MEDIUM,informational
how to stop,how to stop sleep paralysis,8100,0.81,LOW,informational
how to stop,how to stop drink alcohol,8100,8,MEDIUM,informational
how to stop,how to stop cramps,8100,0.62,LOW,informational
how to stop,how to stop varicose veins,8100,2.19,LOW,informational
how to stop,how to stop myself from throwing up,8100,0.72,LOW,informational
how to stop,how to stop cramps on legs,8100,0.36,MEDIUM,informational
how to stop,how to stop a leg cramp,8100,0.36,MEDIUM,informational
how to stop,how to stop the snoring when i sleep,8100,2.87,HIGH,informational
how to stop,how to stop alcoholic from drinking,8100,8,MEDIUM,informational
how to stop,how to stop so much sweating,8100,3.22,HIGH,informational
how to stop,how to stop a bleeding hemorrhoid,8100,1.26,HIGH,informational
how to stop,how to stop cramps in leg,8100,0.36,MEDIUM,informational
how to stop,how to stop autocorrect,8100,0,LOW,informational
how to stop,how to stop a running toilet bowl,8100,0.7,MEDIUM,informational
how to stop,how to stop toilets from running,8100,0.7,MEDIUM,informational
how to stop,how to stop cramps leg,8100,0.36,MEDIUM,informational
how to stop,how to stop call forwarding,8100,0.02,LOW,informational
how to stop,how to stop alcohol consumption,8100,8,MEDIUM,informational
how to stop,how to stop la fitness membership,8100,3.29,LOW,informational
how to stop,how to stop a toilet from running,8100,0.7,MEDIUM,informational
how to stop,how to stop cramping,8100,0.62,LOW,informational
how to stop,how to stop drinking liquor,8100,8,MEDIUM,informational
how to stop,how to stop a hemorrhoid from bleeding,8100,1.26,HIGH,informational
how to stop,how to stop the breastfeeding,8100,0.17,LOW,informational
how to stop,how to stop nursing,8100,0.17,LOW,informational
how to stop,how to stop screen recording mac,8100,0.02,LOW,informational
how to stop,how to stop yourself from vomiting,8100,0.72,LOW,informational
how to stop,how to stop sweating so much,8100,3.22,HIGH,informational
how to stop,how to stop the headache,8100,3.83,LOW,informational
how to stop,how to stop leg and foot cramps,8100,0.36,MEDIUM,informational
how to stop,how to stop alcohol from drinking,8100,8,MEDIUM,informational
how to stop,how to stop toilet running,8100,0.7,MEDIUM,informational
how to stop,how to stop toilet from running,8100,0.7,MEDIUM,informational
how to stop,how to stop from sweating so much,8100,3.22,HIGH,informational
how to stop,how to stop vaping,8100,4.96,HIGH,informational
how to stop,how to stop yourself being sick,8100,0.72,LOW,informational
how to stop,how to stop snoring during sleep,8100,2.87,HIGH,informational
how to stop,how to stop charlie horses,8100,0.16,MEDIUM,informational
how to stop,how to stop running toilet,8100,0.7,MEDIUM,informational
how to stop,how to stop cramps in legs,8100,0.36,MEDIUM,informational
how to stop,how to stop taking alcohol,8100,8,MEDIUM,informational
how to stop,how to say to stop in spanish,8100,1.16,LOW,informational
how to stop,how to stop screen recording on mac,8100,0.02,LOW,informational
how to stop,how to stop a cramp,8100,0.62,LOW,informational
how to stop,stop breastfeeding how to,8100,0.17,LOW,informational
how to stop,how to stop breastfeeding,8100,0.17,LOW,informational
how to stop,how to stop nauseous feeling,8100,0.81,LOW,informational
how to stop,how to stop the nausea feeling,8100,0.81,LOW,informational
how to stop,how to stop a screen recording on mac,8100,0.02,LOW,informational
how to stop,how to stop a running toilet,8100,0.7,MEDIUM,informational
how to stop,how to stop snoring while sleeping,8100,2.87,HIGH,informational
how to stop,how to stop a nauseous feeling,8100,0.81,LOW,informational
how to stop,how to stop the cramps,8100,0.62,LOW,informational
how to stop,how to stop sleep.paralysis,8100,0.81,LOW,informational
how to stop,how to stop appetite,8100,4.12,HIGH,informational
how to stop,how to stop cramp in legs,8100,0.36,MEDIUM,informational
how to stop,how to stop bleeding,8100,2.48,LOW,informational
how to stop,how to stop a sleep paralysis,8100,0.81,LOW,informational
how to stop,how to stop piles bleeding,8100,1.26,HIGH,informational
how to stop,how to stop a headache,8100,3.83,LOW,informational
how to stop,how to say stop that in spanish,8100,1.16,LOW,informational
how to stop,how to stop myself being sick,8100,0.72,LOW,informational
how to stop,how to make a mosquito bite stop itching,6600,0.1,MEDIUM,informational
how to stop,how to stop ankle swelling,6600,1.12,MEDIUM,informational
how to stop,how to stop itching,6600,2.43,LOW,informational
how to stop,how to stop my menstruation,6600,3.15,MEDIUM,informational
how to stop,how to stop dog from diarrhea,6600,0.92,HIGH,informational
how to stop,how to stop diarrhea in dog,6600,0.92,HIGH,informational
how to stop,how to make mosquito bites to stop itching,6600,0.1,MEDIUM,informational
how to stop,how to stop pop up advertising,6600,2.97,LOW,informational
how to stop,how to stop dogs diarrhoea,6600,0.92,HIGH,informational
how to stop,how to get puppy to stop nipping,6600,1.2,HIGH,informational
how to stop,how to stop grinding.teeth,6600,0.58,MEDIUM,informational
how to stop,how do you get puppies to stop nipping,6600,1.2,HIGH,informational
how to stop,how to stop nose bleeding fast,6600,0.14,LOW,informational
how to stop,how to stop notifications on iphone,6600,0.2,LOW,informational
how to stop,how to stop diarrhea dogs,6600,0.92,HIGH,informational
how to stop,how to stop from grinding teeth at night,6600,0.46,HIGH,informational
how to stop,how to period stop,6600,3.59,MEDIUM,informational
how to stop,how to stop bruxism at night,6600,0.46,HIGH,informational
how to stop,how to stop menstruation periods,6600,3.59,MEDIUM,informational
how to stop,how to stop drooling in my sleep,6600,0.65,LOW,informational
how to stop,how to stop a runny nose immediately,6600,1.3,MEDIUM,informational
how to stop,how to stop making mosquito bites itch,6600,0.1,MEDIUM,informational
how to stop,how to stop dog with diarrhea,6600,0.92,HIGH,informational
how to stop,how to stop wheezing fast,6600,7.26,MEDIUM,informational
how to stop,how to stop bloody nose fast,6600,0.14,LOW,informational
how to stop,how to stop a anxiety,6600,2.5,MEDIUM,informational
how to stop,how to stop drooling when i sleep,6600,0.65,LOW,informational
how to stop,how to stop diarrhoea in dogs,6600,0.92,HIGH,informational
how to stop,how to stop notifications in facebook,6600,0,LOW,informational
how to stop,how to stop a cut from bleeding,6600,0.35,LOW,informational
how to stop,how to stop drooling in sleep,6600,0.65,LOW,informational
how to stop,how to make your period stop faster,6600,1.77,LOW,informational
how to stop,how to get a dog to stop barking,6600,1.14,HIGH,informational
how to stop,how to stop drooling in your sleep,6600,0.65,LOW,informational
how to stop,how to stop fb notification,6600,0,LOW,informational
how to stop,how to stop grinding teeth in night,6600,0.46,HIGH,informational
how to stop,how to stop a puppy from biting,6600,1,HIGH,informational
how to stop,how to stop menses,6600,3.59,MEDIUM,informational
how to stop,how to stop bloody noses fast,6600,0.14,LOW,informational
how to stop,how to stop ads popping up,6600,2.97,LOW,informational
how to stop,how to stop feeling dizziness,6600,0.76,LOW,informational
how to stop,how do i get puppy to stop biting,6600,1.2,HIGH,informational
how to stop,how to stop dogs with diarrhea,6600,0.92,HIGH,informational
how to stop,how to stop facebook notifications,6600,0,LOW,informational
how to stop,how to stop pop up adverts,6600,2.97,LOW,informational
how to stop,how to stop vertigo,6600,0.42,MEDIUM,informational
how to stop,how to stop pop up ad,6600,2.97,LOW,informational
how to stop,how to stop my menses,6600,3.15,MEDIUM,informational
how to stop,how to i stop my period,6600,3.15,MEDIUM,informational
how to stop,how to stop dogs diarrhea,6600,0.92,HIGH,informational
how to stop,how to stop a bleeding nose quickly,6600,0.14,LOW,informational
how to stop,how do you get a puppy to stop nipping,6600,1,HIGH,informational
how to stop,how to stop swelling in ankles,6600,1.12,MEDIUM,informational
how to stop,how to stop feeling woozy,6600,0.76,LOW,informational
how to stop,how to get a puppy stop biting,6600,1.2,HIGH,informational
how to stop,how do you get puppy to stop biting,6600,1.2,HIGH,informational
how to stop,how to stop a dog from diarrhea,6600,0.92,HIGH,informational
how to stop,how to stop cuts from bleeding,6600,0.35,LOW,informational
how to stop,how to get the puppy to stop biting,6600,1.2,HIGH,informational
how to stop,how to stop bleeding from cut,6600,0.35,LOW,informational
how to stop,how to stop itch,6600,2.43,LOW,informational
how to stop,how to stop night teeth grinding,6600,0.46,HIGH,informational
how to stop,how to stop jaw clenching,6600,0.92,MEDIUM,informational
how to stop,how to stop runny nose fast,6600,1.3,MEDIUM,informational
how to stop,how do i get dog to stop barking,6600,1.14,HIGH,informational
how to stop,how to stop an itch from itching,6600,2.43,LOW,informational
how to stop,how to stop sharing location on iphone,6600,0.03,LOW,informational
how to stop,how to stop diarrhea in dogs,6600,0.92,HIGH,informational
how to stop,how get puppy to stop biting,6600,1.2,HIGH,informational
how to stop,how to stop runny nose instantly,6600,1.3,MEDIUM,informational
how to stop,how to stop clenching the jaw,6600,0.92,MEDIUM,informational
how to stop,how to get a dog stop barking,6600,1.14,HIGH,informational
how to stop,how can you get a puppy to stop biting,6600,1.2,HIGH,informational
how to stop,how to stop pop-up ads,6600,2.97,LOW,informational
how to stop,how to stop airplay,6600,0.02,LOW,informational
how to stop,how to stop a runny nose quickly,6600,1.3,MEDIUM,informational
how to stop,how to stop clenching jaw,6600,0.92,MEDIUM,informational
how to stop,how to stop periods,6600,3.59,MEDIUM,informational
how to stop,how to stop cut bleeding,6600,0.35,LOW,informational
how to stop,how to stop grinding teeth at night,6600,0.46,HIGH,informational
how to stop,how to stop vertigo dizziness,6600,0.42,MEDIUM,informational
how to stop,how to stop anxiousness,6600,2.5,MEDIUM,informational
how to stop,how to make mosquito bites stop itching,6600,0.1,MEDIUM,informational
how to stop,how to stop axiety,6600,2.5,MEDIUM,informational
how to stop,how to stop a runny nose instantly,6600,1.3,MEDIUM,informational
how to stop,how to stop nighttime teeth grinding,6600,0.46,HIGH,informational
how to stop,how to stop a dog's diarrhea,6600,0.92,HIGH,informational
how to stop,how get a puppy to stop biting,6600,1.2,HIGH,informational
how to stop,how to stop nosebleeds quickly,6600,0.14,LOW,informational
how to stop,how to stop salivating while sleeping,6600,0.65,LOW,informational
how to stop,how to get dog to stop barking,6600,1.14,HIGH,informational
how to stop,how to get puppies to stop biting,6600,1.2,HIGH,informational
how to stop,how to stop dizzy feeling,6600,0.76,LOW,informational
how to stop,how to stop a bloody nose quickly,6600,0.14,LOW,informational
how to stop,how to stop notifications facebook,6600,0,LOW,informational
how to stop,how to stop runny nose immediately,6600,1.3,MEDIUM,informational
how to stop,how to.get dogs to stop barking,6600,1.14,HIGH,informational
how to stop,how to stop bloody nose quickly,6600,0.14,LOW,informational
how to stop,how to stop nosebleeds fast,6600,0.14,LOW,informational
how to stop,how to stop the anxiety,6600,2.5,MEDIUM,informational
how to stop,how to stop a bloody nose fast,6600,0.14,LOW,informational
how to stop,how to stop salivating when sleeping,6600,0.65,LOW,informational
how to stop,how to make your period stop sooner,6600,1.77,LOW,informational
how to stop,how to stop bleeding cut,6600,0.35,LOW,informational
how to stop,how to stop dogs from diarrhea,6600,0.92,HIGH,informational
how to stop,how to get dogs stop barking,6600,1.14,HIGH,informational
how to stop,how do i get a dog to stop barking,6600,1.14,HIGH,informational
how to stop,how to stop bruxism,6600,0.58,MEDIUM,informational
how to stop,how to stop drooling while you sleep,6600,0.65,LOW,informational
how to stop,how to stop swelling of ankles,6600,1.12,MEDIUM,informational
how to stop,how to stop losing hair,6600,5.36,MEDIUM,informational
how to stop,how to stop menstrual periods,6600,3.59,MEDIUM,informational
how to stop,how do i get a puppy to stop biting,6600,1.2,HIGH,informational
how to stop,how do you get dogs to stop barking,6600,1.14,HIGH,informational
how to stop,how to quickly stop a nose bleed,6600,0.14,LOW,informational
how to stop,how to stop my period,6600,3.15,MEDIUM,informational
how to stop,how to quickly stop a runny nose,6600,1.3,MEDIUM,informational
how to stop,how to stop menstruation,6600,3.59,MEDIUM,informational
how to stop,how to stop teeth from grinding,6600,0.58,MEDIUM,informational
how to stop,how to stop notifications on facebook,6600,0,LOW,informational
how to stop,how get dog to stop barking,6600,1.14,HIGH,informational
how to stop,how to stop grinding of teeth at night,6600,0.46,HIGH,informational
how to stop,how do you get a puppy to stop biting,6600,1.2,HIGH,informational
how to stop,how to stop period,6600,3.59,MEDIUM,informational
how to stop,how to stop bleeding from a cut,6600,0.35,LOW,informational
how to stop,how to stop ankles swelling,6600,1.12,MEDIUM,informational
how to stop,how to stop grinding teeth night,6600,0.46,HIGH,informational
how to stop,how to stop night grinding of teeth,6600,0.46,HIGH,informational
how to stop,how to stop dog diarrhea,6600,0.92,HIGH,informational
how to stop,how to stop a itch,6600,2.43,LOW,informational
how to stop,how to stop a nose bleeding fast,6600,0.14,LOW,informational
how to stop,how to stop facebook notification,6600,0,LOW,informational
how to stop,how to stop drooling while sleeping,6600,0.65,LOW,informational
how to stop,bruxism how to stop,6600,0.58,MEDIUM,informational
how to stop,how to stop ads from popping up,6600,2.97,LOW,informational
how to stop,how to stop a runny nose quick,6600,1.3,MEDIUM,informational
how to stop,how to stop notification on iphone,6600,0.2,LOW,informational
how to stop,how to stop menstrual flow,6600,3.59,MEDIUM,informational
how to stop,how to stop fb notifications,6600,0,LOW,informational
how to stop,how to instantly stop a runny nose,6600,1.3,MEDIUM,informational
how to stop,how to stop an itch,6600,2.43,LOW,informational
how to stop,how to stop the menstruation,6600,3.59,MEDIUM,informational
how to stop,how to stop notifications from facebook,6600,0,LOW,informational
how to stop,how to stop dizziness from vertigo,6600,0.42,MEDIUM,informational
how to stop,how to stop nosebleed fast,6600,0.14,LOW,informational
how to stop,how to stop nosebleed quickly,6600,0.14,LOW,informational
how to stop,how to stop a runny nose fast,6600,1.3,MEDIUM,informational
how to stop,how to instantly stop runny nose,6600,1.3,MEDIUM,informational
how to stop,how to stop running nose immediately,6600,1.3,MEDIUM,informational
how to stop,how to stop grinding teeth in the night,6600,0.46,HIGH,informational
how to stop,how to stop saliva while sleeping,6600,0.65,LOW,informational
how to stop,how to stop a cut bleeding,6600,0.35,LOW,informational
how to stop,how to stop cut from bleeding,6600,0.35,LOW,informational
how to stop,how to stop diarrhea dog,6600,0.92,HIGH,informational
how to stop,how to stop a nosebleed fast,6600,0.14,LOW,informational
how to stop,how to stop a dog with diarrhea,6600,0.92,HIGH,informational
how to stop,how to stop diarrhea on a dog,6600,0.92,HIGH,informational
how to stop,how to stop clenching.jaw,6600,0.92,MEDIUM,informational
how to stop,how to stop grinding of teeth,6600,0.58,MEDIUM,informational
how to stop,how to stop a nose bleed quickly,6600,0.14,LOW,informational
how to stop,how to stop dog diarrhoea,6600,0.92,HIGH,informational
how to stop,how to stop the itch,6600,2.43,LOW,informational
how to stop,how to stop swollen ankles,6600,1.12,MEDIUM,informational
how to stop,how to stop a bleeding cut,6600,0.35,LOW,informational
how to stop,how to stop menstrual period,6600,3.59,MEDIUM,informational
how to stop,menstruation how to stop,6600,3.59,MEDIUM,informational
how to stop,how to stop wheezing immediately,6600,7.26,MEDIUM,informational
how to stop,how to stop my cycle,6600,3.15,MEDIUM,informational
how to stop,how to stop sleep drooling,6600,0.65,LOW,informational
how to stop,how to stop a bleeding nose fast,6600,0.14,LOW,informational
how to stop,how to stop night teeth clenching,6600,0.46,HIGH,informational
how to stop,how to stop an anxiety,6600,2.5,MEDIUM,informational
how to stop,how to stop diarrhea for a dog,6600,0.92,HIGH,informational
how to stop,how to make.mosquito bites stop itching,6600,0.1,MEDIUM,informational
how to stop,how to stop grinding teeth,6600,0.58,MEDIUM,informational
how to stop,how to stop drooling during sleep,6600,0.65,LOW,informational
how to stop,how to stop the itching,6600,2.43,LOW,informational
how to stop,how to stop feeling dizzy,6600,0.76,LOW,informational
how to stop,how to stop bleeding nose fast,6600,0.14,LOW,informational
how to stop,how to stop a dog diarrhea,6600,0.92,HIGH,informational
how to stop,how to get dogs to stop barking,6600,1.14,HIGH,informational
how to stop,how to get a puppy to stop biting,6600,1.2,HIGH,informational
how to stop,how to stop a gallbladder attack while it is happening,6600,2.72,LOW,informational
how to stop,how to stop pop up ads,6600,2.97,LOW,informational
how to stop,how to stop headache immediately at home,6600,2.17,MEDIUM,informational
how to stop,how to stop anxiety,6600,2.5,MEDIUM,informational
how to stop,how to get puppy to stop biting,6600,1.2,HIGH,informational
how to stop,how to stop voicemail on iphone,5400,0,LOW,informational
how to stop,how to stop chewing nails,5400,0.36,MEDIUM,informational
how to stop,how to stop a hurting tooth,5400,3.55,MEDIUM,informational
how to stop,how to stop a bird from flying into a window,5400,0.45,HIGH,informational
how to stop,how to stop nose block,5400,2.31,LOW,informational
how to stop,how to stop the toothache,5400,3.55,MEDIUM,informational
how to stop,how to stop gnat bite itching,5400,0.11,MEDIUM,informational
how to stop,how to stop cat from spraying,5400,1.16,HIGH,informational
how to stop,how to stop birds hitting windows,5400,0.45,HIGH,informational
how to stop,how to stop gnat bites from itching,5400,0.11,MEDIUM,informational
how to stop,how to stop cat spraying,5400,1.16,HIGH,informational
how to stop,how to stop tummy cramps and diarrhea,5400,1.12,LOW,informational
how to stop,how to stop bloat and gas,5400,0.84,HIGH,informational
how to stop,how to stop a sore tooth from hurting,5400,3.55,MEDIUM,informational
how to stop,how to stop tooth pain,5400,3.55,MEDIUM,informational
how to stop,how to stop guacamole from turning brown,5400,0.09,LOW,informational
how to stop,how to stop scratching bug bites,5400,0.11,MEDIUM,informational
how to stop,how to stop yawning,5400,2,LOW,informational
how to stop,how to stop the dog from barking,5400,1.21,HIGH,informational
how to stop,how to stop constipation fast,5400,0.56,HIGH,informational
how to stop,how to stop cats from spraying,5400,1.16,HIGH,informational
how to stop,how to stop itching insect bites,5400,0.11,MEDIUM,informational
how to stop,how to stop shoes squeaking,5400,0.34,LOW,informational
how to stop,how to stop dog from barking,5400,1.21,HIGH,informational
how to stop,how to stop itching anus at night,5400,0.94,HIGH,informational
how to stop,how to stop yawn,5400,2,LOW,informational
how to stop,how to stop bad habits,5400,4.55,LOW,informational
how to stop,how to stop the dogs from barking,5400,1.21,HIGH,informational
how to stop,how to stop headaches,5400,5.14,LOW,informational
how to stop,how to stop a yawn,5400,2,LOW,informational
how to stop,how to stop pop-up ads on android phone,5400,3.81,LOW,informational
how to stop,how to stop bleeding of gums,5400,1.82,MEDIUM,informational
how to stop,how to stop squeaking shoes,5400,0.34,LOW,informational
how to stop,how to stop voice control in iphone,5400,0,LOW,informational
how to stop,how to stop belly pain,5400,1.8,LOW,informational
how to stop,how to stop bad habit,5400,4.55,LOW,informational
how to stop,how to stop bleeding of the gums,5400,1.82,MEDIUM,informational
how to stop,how to stop bleeding gums,5400,1.82,MEDIUM,informational
how to stop,how to stop birds flying into windows,5400,0.45,HIGH,informational
how to stop,how to stop shoe squeaking,5400,0.34,LOW,informational
how to stop,how to stop stomach aches and diarrhea,5400,1.12,LOW,informational
how to stop,how to stop the night sweats,5400,2.54,HIGH,informational
how to stop,how to stop cats spraying,5400,1.16,HIGH,informational
how to stop,how to stop gums bleeding,5400,1.82,MEDIUM,informational
how to stop,how to stop teeth hurting,5400,3.55,MEDIUM,informational
how to stop,how to stop coughing fits,5400,0.63,LOW,informational
how to stop,how to stop bloating gas,5400,0.84,HIGH,informational
how to stop,how to stop dog barking,5400,1.21,HIGH,informational
how to stop,how to stop diarrhea stomach cramps,5400,1.12,LOW,informational
how to stop,how to stop ear pain quickly,5400,0.93,MEDIUM,informational
how to stop,how to make your belly stop hurting,5400,2.56,LOW,informational
how to stop,how to stop dogs digging,5400,0.46,HIGH,informational
how to stop,how to stop dog digging,5400,0.46,HIGH,informational
how to stop,how to stop your dogs from barking,5400,1.21,HIGH,informational
how to stop,how to stop itchy bug bite,5400,0.11,MEDIUM,informational
how to stop,how to stop tummy cramps,5400,1.8,LOW,informational
how to stop,how to stop a cough fit,5400,0.63,LOW,informational
how to stop,how to stop a digging dog,5400,0.46,HIGH,informational
how to stop,how to stop biting nails,5400,0.36,MEDIUM,informational
how to stop,how to stop teeth pain,5400,3.55,MEDIUM,informational
how to stop,how to stop itch from bug bites,5400,0.11,MEDIUM,informational
how to stop,how to stop bird from flying into window,5400,0.45,HIGH,informational
how to stop,how to stop stomach cramps from diarrhea,5400,1.12,LOW,informational
how to stop,how to stop aching teeth,5400,3.55,MEDIUM,informational
how to stop,how to stop birds crashing into windows,5400,0.45,HIGH,informational
how to stop,how to stop cramps in stomach,5400,1.8,LOW,informational
how to stop,how to stop my eyes from twitching,5400,0.08,LOW,informational
how to stop,how to stop squeaky sneakers,5400,0.34,LOW,informational
how to stop,how to stop bug bites from itching,5400,0.11,MEDIUM,informational
how to stop,how to stop stomach pain and diarrhea,5400,1.12,LOW,informational
how to stop,how to stop itching of bug bites,5400,0.11,MEDIUM,informational
how to stop,how to stop stomach cramps and diarrhea,5400,1.12,LOW,informational
how to stop,how to stop biting your fingernails,5400,0.36,MEDIUM,informational
how to stop,how to stop itch from insect bites,5400,0.11,MEDIUM,informational
how to stop,how to stop a stuffy nose,5400,2.31,LOW,informational
how to stop,how to stop stomach pain with diarrhea,5400,1.12,LOW,informational
how to stop,how to stop a aching tooth,5400,3.55,MEDIUM,informational
how to stop,how to stop yawns,5400,2,LOW,informational
how to stop,how to stop a bleeding gum,5400,1.82,MEDIUM,informational
how to stop,how to stop headache,5400,5.14,LOW,informational
how to stop,how to stop birds from flying into windows,5400,0.45,HIGH,informational
how to stop,how to stop diarrhea and stomach ache,5400,1.12,LOW,informational
how to stop,how to stop birds from flying in windows,5400,0.45,HIGH,informational
how to stop,how to stop barking dogs,5400,1.21,HIGH,informational
how to stop,how to stop bleeding on gums,5400,1.82,MEDIUM,informational
how to stop,how to stop stuffy nose,5400,2.31,LOW,informational
how to stop,how to stop ads popping up on android phone,5400,3.81,LOW,informational
how to stop,how to stop itchy anus at night,5400,0.94,HIGH,informational
how to stop,how to stop squeaky shoes,5400,0.34,LOW,informational
how to stop,how to stop a shoe squeaking,5400,0.34,LOW,informational
how to stop,how do you get a cat to stop spraying,5400,1.16,HIGH,informational
how to stop,how to stop night sweats,5400,2.54,HIGH,informational
how to stop,how to bug bites stop itching,5400,0.11,MEDIUM,informational
how to stop,how to stop birds flying into window,5400,0.45,HIGH,informational
how to stop,how to stop birds from flying into glass windows,5400,0.45,HIGH,informational
how to stop,how to stop earache fast,5400,0.93,MEDIUM,informational
how to stop,how to stop nail biting habit,5400,0.36,MEDIUM,informational
how to stop,how to stop tooth hurting,5400,3.55,MEDIUM,informational
how to stop,how to stop a cat from.spraying,5400,1.16,HIGH,informational
how to stop,how to stop intestinal cramps,5400,1.8,LOW,informational
how to stop,how to stop ads from popping up on android phone,5400,3.81,LOW,informational
how to stop,how to stop gums from bleeding,5400,1.82,MEDIUM,informational
how to stop,how to stop itching from bug bites,5400,0.11,MEDIUM,informational
how to stop,how to stop itching for bug bites,5400,0.11,MEDIUM,informational
how to stop,how to stop kidney disease,5400,2.04,LOW,informational
how to stop,how to stop the bleeding gums,5400,1.82,MEDIUM,informational
how to stop,how to stop ear pain fast,5400,0.93,MEDIUM,informational
how to stop,how to stop gas and bloating,5400,0.84,HIGH,informational
how to stop,how to get gums to stop bleeding,5400,1.82,MEDIUM,informational
how to stop,how to stop night time sweats,5400,2.54,HIGH,informational
how to stop,how to stop a dog for digging,5400,0.46,HIGH,informational
how to stop,how to stop a cat from spraying,5400,1.16,HIGH,informational
how to stop,how to stop sweating at night,5400,2.54,HIGH,informational
how to stop,how to stop amber alerts on iphone,5400,0.05,LOW,informational
how to stop,how to stop painful stomach cramps,5400,1.8,LOW,informational
how to stop,how to stop coughing fit,5400,0.63,LOW,informational
how to stop,how to stop a cat spraying,5400,1.16,HIGH,informational
how to stop,how to stop birds hitting window,5400,0.45,HIGH,informational
how to stop,how to stop my eye from twitching,5400,0.08,LOW,informational
how to stop,how to stop smart promo,5400,0,LOW,informational
how to stop,how to stop a barking dog,5400,1.21,HIGH,informational
how to stop,how long does it take to stop a habit,5400,0.2,LOW,informational
how to stop,how to stop stomach cramps and diarrhoea,5400,1.12,LOW,informational
how to stop,how to stop voice control on iphone,5400,0,LOW,informational
how to stop,how to stop a dog from digging,5400,0.46,HIGH,informational
how to stop,how to stop a shoes from squeaking,5400,0.34,LOW,informational
how to stop,how to stop biting fingernails,5400,0.36,MEDIUM,informational
how to stop,how to stop dog from digging,5400,0.46,HIGH,informational
how to stop,how to stop bleeding gum,5400,1.82,MEDIUM,informational
how to stop,how to stop pop up ads on android phone,5400,3.81,LOW,informational
how to stop,how to stop dizziness,5400,0.39,LOW,informational
how to stop,how to stop stomach cramps with diarrhea,5400,1.12,LOW,informational
how to stop,how to stop stomach ache and diarrhea,5400,1.12,LOW,informational
how to stop,how to stop painful toothache,5400,3.55,MEDIUM,informational
how to stop,how to stop fingernail biting,5400,0.36,MEDIUM,informational
how to stop,how to stop seizures in dogs immediately,5400,3.3,MEDIUM,informational
how to stop,how to stop clog nose,5400,2.31,LOW,informational
how to stop,how to stop gnat bites itching,5400,0.11,MEDIUM,informational
how to stop,how to stop digging dog,5400,0.46,HIGH,informational
how to stop,how to stop itchy bug bites,5400,0.11,MEDIUM,informational
how to stop,how to stop blocked nose,5400,2.31,LOW,informational
how to stop,how to stop itch bug bite,5400,0.11,MEDIUM,informational
how to stop,how to stop bleeding in gums,5400,1.82,MEDIUM,informational
how to stop,how to stop the tooth pain,5400,3.55,MEDIUM,informational
how to stop,how to stop flatulence and bloating,5400,0.84,HIGH,informational
how to stop,how to stop bleeding from gum,5400,1.82,MEDIUM,informational
how to stop,how to stop digging dogs,5400,0.46,HIGH,informational
how to stop,how to stop tummy ache and diarrhea,5400,1.12,LOW,informational
how to stop,how to stop stomach cramps,5400,1.8,LOW,informational
how to stop,how to stop diarrhea and stomach cramps,5400,1.12,LOW,informational
how to stop,how to stop dress shoes from squeaking,5400,0.34,LOW,informational
how to stop,how to make your stomach stop hurting,5400,2.56,LOW,informational
how to stop,how to stop stomach pain,5400,1.52,LOW,informational
how to stop,how to stop itching from insect bites,5400,0.11,MEDIUM,informational
how to stop,how to stop itch of insect bites,5400,0.11,MEDIUM,informational
how to stop,how to stop diarrhea and stomach pain,5400,1.12,LOW,informational
how to stop,how to stop the dizziness,5400,0.39,LOW,informational
how to stop,how to stop the habit of biting nails,5400,0.36,MEDIUM,informational
how to stop,how to stop stomach cramps diarrhea,5400,1.12,LOW,informational
how to stop,how to stop abdominal pain,5400,1.8,LOW,informational
how to stop,how to stop insects bites from itching,5400,0.11,MEDIUM,informational
how to stop,how to stop the runs and stomach cramps,5400,1.12,LOW,informational
how to stop,how to stop razor bumps,5400,1.8,MEDIUM,informational
how to stop,how to stop tooth pain fast at home at night,5400,1.93,HIGH,informational
how to stop,how to stop birds from flying into my windows,5400,0.45,HIGH,informational
how to stop,how to stop smoking pot,5400,2.32,LOW,informational
how to stop,how to get a cat to stop spraying,5400,1.16,HIGH,informational
how to stop,how to stop voicemails on iphone,5400,0,LOW,informational
how to stop,how to stop your eye from twitching,5400,0.08,LOW,informational
how to stop,how to stop bug bites itching,5400,0.11,MEDIUM,informational
how to stop,toothache how to stop,5400,3.55,MEDIUM,informational
how to stop,how to stop the habit of nail biting,5400,0.36,MEDIUM,informational
how to stop,how to make shoes stop squeaking,5400,0.34,LOW,informational
how to stop,how to stop a tooth from hurting,5400,3.55,MEDIUM,informational
how to stop,how to stop diarrhea stomach pain,5400,1.12,LOW,informational
how to stop,how to stop nail biting habits,5400,0.36,MEDIUM,informational
how to stop,how to stop the stomach pain,5400,1.52,LOW,informational
how to stop,how to stop the bug bite itch,5400,0.11,MEDIUM,informational
how to stop,how to stop itching bug bites,5400,0.11,MEDIUM,informational
how to stop,how to stop stomach ache diarrhea,5400,1.12,LOW,informational
how to stop,how to stop squeaking sneakers,5400,0.34,LOW,informational
how to stop,how to stop pain on tooth,5400,3.55,MEDIUM,informational
how to stop,how to stop anus itching at night,5400,0.94,HIGH,informational
how to stop,how to stop a shoe from squeaking,5400,0.34,LOW,informational
how to stop,how to stop ruminating,5400,1.88,LOW,informational
how to stop,how do you get a dog to stop barking,5400,1.21,HIGH,informational
how to stop,how to stop constipation,5400,0.66,MEDIUM,informational
how to stop,how to stop a dog digging,5400,0.46,HIGH,informational
how to stop,how to stop nose congestion,5400,2.31,LOW,informational
how to stop,how to stop a migraine,5400,4.26,MEDIUM,informational
how to stop,how to stop dog barking at dogs,5400,1.21,HIGH,informational
how to stop,how to stop sneakers from squeaking,5400,0.34,LOW,informational
how to stop,how to stop youtube autoplay,5400,0,LOW,informational
how to stop,how to stop a runny nose in 5 minutes,5400,2.39,HIGH,informational
how to stop,how to stop stomach pains and diarrhea,5400,1.12,LOW,informational
how to stop,how to stop birds from hitting windows,5400,0.45,HIGH,informational
how to stop,how to stop insect bites from itching,5400,0.11,MEDIUM,informational
how to stop,how to stop pain stomach,5400,1.52,LOW,informational
how to stop,how to stop gum bleeding,5400,1.82,MEDIUM,informational
how to stop,how to stop gas bloating,5400,0.84,HIGH,informational
how to stop,how to stop a dogs barking,5400,1.21,HIGH,informational
how to stop,how to stop insect bites itching,5400,0.11,MEDIUM,informational
how to stop,how to stop chewing your nails,5400,0.36,MEDIUM,informational
how to stop,how to stop cramps in the stomach,5400,1.8,LOW,informational
how to stop,how to stop stomach cramping,5400,1.8,LOW,informational
how to stop,how to stop stomach pain diarrhea,5400,1.12,LOW,informational
how to stop,how to stop the dog from digging,5400,0.46,HIGH,informational
how to stop,how to stop shoes from squeaking,5400,0.34,LOW,informational
how to stop,how to stop a squeaky shoe,5400,0.34,LOW,informational
how to stop,how to stop spraying cats,5400,1.16,HIGH,informational
how to stop,how to stop bloating and gas,5400,0.84,HIGH,informational
how to stop,how to stop a fit of coughing,5400,0.63,LOW,informational
how to stop,how to stop constipation quickly,5400,0.56,HIGH,informational
how to stop,how to stop spraying cat,5400,1.16,HIGH,informational
how to stop,how to stop habit of biting nails,5400,0.36,MEDIUM,informational
how to stop,how to stop period pain immediately at home,5400,1.58,MEDIUM,informational
how to stop,how to stop a coughing fit,5400,0.63,LOW,informational
how to stop,how to stop pain in tooth,5400,3.55,MEDIUM,informational
how to stop,how to stop swelling,5400,2.75,LOW,informational
how to stop,how to stop teeth aching,5400,3.55,MEDIUM,informational
how to stop,how to stop birds from flying into a window,5400,0.45,HIGH,informational
how to stop,how to stop itch of bug bite,5400,0.11,MEDIUM,informational
how to stop,how to stop biting.nails,5400,0.36,MEDIUM,informational
how to stop,how to stop barking in dogs,5400,1.21,HIGH,informational
how to stop,how to stop itching of insect bites,5400,0.11,MEDIUM,informational
how to stop,how to stop iphone voice control,5400,0,LOW,informational
how to stop,how to stop bleeding from gums,5400,1.82,MEDIUM,informational
how to stop,how to stop biting nail,5400,0.36,MEDIUM,informational
how to stop,how to stop nail chewing,5400,0.36,MEDIUM,informational
how to stop,how to stop itch of bug bites,5400,0.11,MEDIUM,informational
how to stop,toothache how to stop the pain,5400,3.55,MEDIUM,informational
how to stop,how to stop migraine headaches,5400,4.26,MEDIUM,informational
how to stop,how to stop an earache fast,5400,0.93,MEDIUM,informational
how to stop,how to stop birds from flying into your windows,5400,0.45,HIGH,informational
how to stop,how to stop biting your nails,5400,0.25,MEDIUM,informational
how to stop,how to stop a nail biter,5400,0.36,MEDIUM,informational
how to stop,how to stop a spraying cat,5400,1.16,HIGH,informational
how to stop,how to stop birds from hitting window,5400,0.45,HIGH,informational
how to stop,how to stop a yapping dog,5400,1.21,HIGH,informational
how to stop,how to stop cramping in stomach,5400,1.8,LOW,informational
how to stop,how to stop pop up ads in android phone,5400,3.81,LOW,informational
how to stop,how to stop barking dog,5400,1.21,HIGH,informational
how to stop,how to stop the pain of a toothache,5400,3.55,MEDIUM,informational
how to stop,how to stop a dog barking,5400,1.21,HIGH,informational
how to stop,how to stop night sweating,5400,2.54,HIGH,informational
how to stop,how to stop the itching from bug bites,5400,0.11,MEDIUM,informational
how to stop,how to stop stomach cramping and diarrhea,5400,1.12,LOW,informational
how to stop,how to stop cat spray,5400,1.16,HIGH,informational
how to stop,how to stop dogs from digging,5400,0.46,HIGH,informational
how to stop,how to stop this,5400,0,LOW,informational
how to stop,how to stop rumbling in stomach,4400,0.48,LOW,informational
not working,lenovo laptop monitor not working,135000,0,LOW,informational
not working,lenovo laptop display is not working,135000,0,LOW,informational
not working,lenovo laptop screen not working,135000,0,LOW,informational
not working,screen not working lenovo laptop,135000,0,LOW,navigational
not working,lenovo laptop display not working,135000,0,LOW,informational
not working,laptop screen not working lenovo,135000,0,LOW,informational
not working,laptop display not working lenovo,135000,0,LOW,informational
not working,is it not working,90500,0,LOW,informational
not working,it was not working,90500,0,LOW,informational
not working,it's not working,90500,0,LOW,informational
not working,it not working,90500,0,LOW,informational
not working,it is not working,90500,0,LOW,informational
not working,keyboard for ipad pro not working,74000,0,LOW,informational
not working,ipad pro keyboard not working,74000,0,LOW,informational
not working,gst site not working,74000,0,LOW,navigational
not working,keyboard not working on ipad pro,74000,0,LOW,informational
not working,gst website not working,74000,0,LOW,navigational
not working,keyboard not working ipad pro,74000,0,LOW,informational
not working,not-working,49500,0,LOW,informational
not working,not working,49500,0,LOW,informational
not working,ipad smart keyboard not working,40500,0,LOW,informational
not working,surface laptop keyboard not working,40500,0,LOW,informational
not working,still not working,40500,0,LOW,informational
not working,the security module on this device is not working,40500,0,LOW,informational
not working,chromebook mouse not working,40500,0,LOW,informational
not working,mouse not working chromebook,40500,0,LOW,informational
not working,chrome mouse not working,40500,0,LOW,informational
not working,youtube in not working,33100,0.43,LOW,informational
not working,not working youtube,33100,0.43,LOW,informational
not working,surface keypad not working,33100,0,LOW,informational
not working,surface tablet keyboard not working,33100,0,LOW,informational
not working,youtube not working,33100,0.43,LOW,informational
not working,surface keyboard not working,33100,0,LOW,informational
not working,windows surface keyboard not working,33100,0,LOW,informational
not working,macbook not working,33100,0.01,LOW,informational
not working,mac not working,33100,0.01,LOW,informational
not working,keyboard on surface not working,33100,0,LOW,informational
not working,youtube not working why,27100,0.64,LOW,informational
not working,roku remote is not working,27100,4.32,LOW,informational
not working,why is youtube not working,27100,0.64,LOW,informational
not working,why youtube not working,27100,0.64,LOW,informational
not working,acer laptop screen not working,27100,0,LOW,informational
not working,acer laptop display not working,27100,0,LOW,informational
not working,laptop display not working acer,27100,0,LOW,informational
not working,laptop screen not working acer,27100,0,LOW,informational
not working,why is the youtube not working,27100,0.64,LOW,informational
not working,why the youtube is not working,27100,0.64,LOW,informational
not working,youtube is not working why,27100,0.64,LOW,informational
not working,roku remotes not working,27100,4.32,LOW,informational
not working,roku remote control not working,27100,4.32,LOW,informational
not working,remote for roku not working,27100,4.32,LOW,informational
not working,disposal garbage not working,22200,5.41,MEDIUM,informational
not working,food compactor not working,22200,5.41,MEDIUM,informational
not working,dish disposal not working,22200,5.41,MEDIUM,informational
not working,garbage disposal is not working,22200,5.41,MEDIUM,informational
not working,waste disposal unit not working,22200,5.41,MEDIUM,informational
not working,macbook pro not working,22200,0,LOW,informational
not working,trash disposal not working,22200,5.41,MEDIUM,informational
not working,food disposal not working,22200,5.41,MEDIUM,informational
not working,garbage disposal not working,22200,5.41,MEDIUM,informational
not working,waste disposer not working,22200,5.41,MEDIUM,informational
not working,garburator not working,22200,5.41,MEDIUM,informational
not working,garbage disposal unit not working,22200,5.41,MEDIUM,informational
not working,sink disposal not working,22200,5.41,MEDIUM,informational
not working,kitchen garbage disposal not working,22200,5.41,MEDIUM,informational
not working,garbage disposals not working,22200,5.41,MEDIUM,informational
not working,garbage disposal sink not working,22200,5.41,MEDIUM,informational
not working,waste disposal not working,22200,5.41,MEDIUM,informational
not working,charger not working iphone,18100,0.1,LOW,informational
not working,iphone charge not working,18100,0.1,LOW,informational
not working,iphone chargers not working,18100,0.1,LOW,informational
not working,iphone charging not working,18100,0.1,LOW,informational
not working,iphone charger not working,18100,0.1,LOW,informational
not working,fire stick remote control not working,14800,2.6,LOW,informational
not working,tiktok not working,14800,0,LOW,informational
not working,face id is not working,14800,0.51,LOW,informational
not working,firestick remote control not working,14800,2.6,LOW,informational
not working,face id not working,14800,0.51,LOW,informational
not working,remote for fire stick not working,14800,2.6,LOW,informational
not working,firestick tv remote not working,14800,2.6,LOW,informational
not working,facial id not working,14800,0.51,LOW,informational
not working,remote control for firestick not working,14800,2.6,LOW,informational
not working,fire stick tv remote not working,14800,2.6,LOW,informational
not working,carplay not working,14800,0.81,LOW,informational
not working,face i d not working,14800,0.51,LOW,informational
not working,remote for firestick not working,14800,2.6,LOW,transactional
not working,sound not working on iphone,12100,0.29,LOW,informational
not working,why is my face id not working,12100,0.31,LOW,informational
not working,keypad on ipad not working,12100,0.68,LOW,informational
not working,keypad not working on ipad,12100,0.68,LOW,informational
not working,imessage not working,12100,0.21,LOW,informational
not working,chromebook charger not working,12100,0.29,LOW,informational
not working,sounds not working on iphone,12100,0.29,LOW,informational
not working,keyboard not working on ipad,12100,0.68,LOW,informational
not working,ipad keyboard is not working,12100,0.68,LOW,informational
not working,keyboard for ipad not working,12100,0.68,LOW,informational
not working,did not working,12100,0,LOW,informational
not working,iphone phone sound not working,12100,0.29,LOW,informational
not working,it's still not working,12100,0,LOW,informational
not working,keyboard on ipad not working,12100,0.68,LOW,informational
not working,keyboard not working ipad,12100,0.68,LOW,informational
not working,ipad keyboard not working,12100,0.68,LOW,informational
not working,imessage is not working,12100,0.21,LOW,informational
not working,trackpad not working on laptop,9900,0.04,LOW,informational
not working,apple watch charger not working,9900,0,LOW,informational
not working,keyboard computer not working,9900,4.39,LOW,informational
not working,remote for amazon fire stick not working,9900,2.88,LOW,informational
not working,pc keyboard is not working,9900,4.39,LOW,informational
not working,touchpad not working in laptop,9900,0.04,LOW,informational
not working,computer keypad not working,9900,4.39,LOW,informational
not working,touchpad on laptop not working,9900,0.04,LOW,informational
not working,computer keyboard is not working,9900,4.39,LOW,informational
not working,laptop mouse touchpad is not working,9900,0.04,LOW,informational
not working,keyboard a not working,9900,4.39,LOW,informational
not working,remote on fire stick not working,9900,2.88,LOW,informational
not working,trackpad on laptop not working,9900,0.04,LOW,informational
not working,remote for amazon fire tv not working,9900,3.18,LOW,informational
not working,built in mouse on laptop not working,9900,0.04,LOW,informational
not working,laptop touchpad not working,9900,0.04,LOW,informational
not working,touchpad on laptop is not working,9900,0.04,LOW,informational
not working,why is snap not working,9900,0,LOW,informational
not working,keypad is not working,9900,4.39,LOW,informational
not working,why snapchat not working,9900,0,LOW,informational
not working,laptop finger pad not working,9900,0.04,LOW,informational
not working,notebook touchpad not working,9900,0.04,LOW,informational
not working,laptop mouse touchpad not working,9900,0.04,LOW,informational
not working,touchpad in laptop not working,9900,0.04,LOW,informational
not working,pad not working on laptop,9900,0.04,LOW,informational
not working,apple car play not working,9900,1.04,LOW,informational
not working,trackpad laptop not working,9900,0.04,LOW,informational
not working,android auto not working,9900,1.35,LOW,informational
not working,not working keyboard,9900,4.39,LOW,informational
not working,touchpad not working on laptop,9900,0.04,LOW,informational
not working,why is snapchat not working,9900,0,LOW,informational
not working,android auto is not working,9900,1.35,LOW,informational
not working,apple carplay not working,9900,0.77,LOW,informational
not working,keyboard are not working,9900,4.39,LOW,informational
not working,keyboard for computer not working,9900,4.39,LOW,informational
not working,amazon fire stick not working with remote,9900,2.88,LOW,informational
not working,apple car not working,9900,0.77,LOW,informational
not working,laptop touchpad mouse not working,9900,0.04,LOW,informational
not working,keyboards not working,9900,4.39,LOW,informational
not working,touch pad not working laptop,9900,0.04,LOW,informational
not working,amazon fire tv remote is not working,9900,3.18,LOW,informational
not working,touchpad laptop not working,9900,0.04,LOW,informational
not working,fire tv remote not working,9900,3.18,LOW,informational
not working,laptop pad not working,9900,0.04,LOW,informational
not working,touchpad not working laptop,9900,0.04,LOW,informational
not working,computer keyboard not working,9900,4.39,LOW,informational
not working,laptop touchpad is not working,9900,0.04,LOW,informational
not working,touchpad for laptop not working,9900,0.04,LOW,informational
not working,fire tv remote control not working,9900,3.18,LOW,informational
not working,keyboard not working,9900,4.39,LOW,informational
not working,remote not working amazon fire tv,9900,3.18,LOW,navigational
not working,amazon fire stick remote control not working,9900,2.88,LOW,informational
not working,amazon tv fire stick remote not working,9900,2.88,LOW,informational
not working,not working on keyboard,9900,4.39,LOW,informational
not working,trackpad not working laptop,9900,0.04,LOW,informational
not working,remote for fire tv not working,9900,3.18,LOW,informational
not working,touchpad of laptop not working,9900,0.04,LOW,informational
not working,fire stick remote is not working,9900,2.88,LOW,informational
not working,touch mouse on laptop not working,9900,0.04,LOW,transactional
not working,messenger on facebook not working,8100,0,LOW,informational
not working,apple tv remote control is not working,8100,2.42,LOW,informational
not working,keypad is not working in laptop,8100,3.5,LOW,informational
not working,whirlpool refrigerator ice maker not working,8100,2.25,LOW,informational
not working,keyboard on laptop not working,8100,3.5,LOW,informational
not working,ice maker not working samsung,8100,1.68,LOW,informational
not working,camera not working iphone,8100,0.02,LOW,informational
not working,why fortnite not working,8100,0,LOW,informational
not working,iphone camera is not working,8100,0.02,LOW,informational
not working,logitech ipad keyboard not working,8100,0,LOW,informational
not working,facebook working or not,8100,0,LOW,informational
not working,facebook not working,8100,0,LOW,informational
not working,apple tv remote not working,8100,2.42,LOW,informational
not working,laptops keyboard not working,8100,3.5,LOW,informational
not working,not working laptop keyboard,8100,3.5,LOW,informational
not working,logitech keyboard not working on ipad,8100,0,LOW,informational
not working,mcdonald apps not working,8100,0.72,LOW,navigational
not working,apple tv remote is not working,8100,2.42,LOW,informational
not working,camera on iphone not working,8100,0.02,LOW,informational
not working,laptop keypad is not working,8100,3.5,LOW,informational
not working,touch screen not working iphone,8100,0.38,LOW,informational
not working,windows key not working,8100,2.11,LOW,informational
not working,touch screen iphone not working,8100,0.38,LOW,informational
not working,icemaker not working whirlpool,8100,2.25,LOW,informational
not working,laptop on keyboard not working,8100,3.5,LOW,informational
not working,keypad not working on laptop,8100,3.5,LOW,informational
not working,ipad keyboard not working logitech,8100,0,LOW,informational
not working,whirlpool ice maker is not working,8100,2.25,LOW,informational
not working,why is.my hotspot not working,8100,0.1,LOW,informational
not working,keyboard not working in laptop,8100,3.5,LOW,transactional
not working,not working facebook,8100,0,LOW,informational
not working,samsung ice maker is not working,8100,1.68,LOW,informational
not working,siri not working,8100,0.33,LOW,informational
not working,ice maker not working whirlpool refrigerator,8100,2.25,LOW,informational
not working,airdrop not working,8100,0.05,LOW,informational
not working,why is my hotspot not working,8100,0.1,LOW,informational
not working,keyboard is not working laptop,8100,3.5,LOW,informational
not working,iphone screen touch not working,8100,0.38,LOW,informational
not working,fb and messenger not working,8100,0,LOW,informational
not working,ice maker not working on samsung refrigerator,8100,1.68,LOW,transactional
not working,youtube on tv not working,8100,5.48,LOW,informational
not working,whirlpool ice dispenser not working,8100,2.25,LOW,informational
not working,keys not working on laptop,8100,3.5,LOW,informational
not working,touchscreen iphone not working,8100,0.38,LOW,informational
not working,volume on apple tv remote not working,8100,0.54,LOW,informational
not working,key not working on laptop,8100,3.5,LOW,informational
not working,samsung fridge ice machine not working,8100,1.68,LOW,informational
not working,remote for apple tv not working,8100,2.42,LOW,informational
not working,iphone camera not working,8100,0.02,LOW,informational
not working,logitech keyboard not working with ipad,8100,0,LOW,informational
not working,apple tv remote volume not working,8100,0.54,LOW,informational
not working,ice maker whirlpool refrigerator not working,8100,2.25,LOW,informational
not working,ice maker samsung not working,8100,1.68,LOW,informational
not working,ice dispenser not working whirlpool,8100,2.25,LOW,informational
not working,facebook messenger is not working,8100,0,LOW,informational
not working,keyboard not working surface pro 4,8100,0,LOW,informational
not working,keyboard is not working in laptop,8100,3.5,LOW,informational
not working,touch screen on iphone not working,8100,0.38,LOW,informational
not working,remote not working on apple tv,8100,2.42,LOW,informational
not working,keyboard in laptop not working,8100,3.5,LOW,informational
not working,samsung ice dispenser not working,8100,1.68,LOW,informational
not working,facebook is not working,8100,0,LOW,informational
not working,apple tv not working with remote,8100,2.42,LOW,informational
not working,whirlpool ice maker not working,8100,2.25,LOW,informational
not working,ice dispenser whirlpool not working,8100,2.25,LOW,informational
not working,keyboard is not working on laptop,8100,3.5,LOW,informational
not working,keypad not working in laptop,8100,3.5,LOW,informational
not working,youtube tv not working,8100,5.48,LOW,informational
not working,touch screen in iphone not working,8100,0.38,LOW,informational
not working,airdrop is not working,8100,0.05,LOW,informational
not working,youtube not working on tv,8100,5.48,LOW,informational
not working,touch not working iphone,8100,0.38,LOW,informational
not working,samsung ice maker not working,8100,1.68,LOW,informational
not working,ice maker on samsung not working,8100,1.68,LOW,informational
not working,not working keyboard laptop,8100,3.5,LOW,informational
not working,ice maker on whirlpool refrigerator not working,8100,2.25,LOW,informational
not working,facebook in not working,8100,0,LOW,informational
not working,whirlpool refrigerators ice maker not working,8100,2.25,LOW,informational
not working,keyboard for laptop not working,8100,3.5,LOW,informational
not working,logitech keyboard not working ipad,8100,0,LOW,informational
not working,keypad on laptop not working,8100,3.5,LOW,informational
not working,laptop computer keyboard not working,8100,3.5,LOW,informational
not working,microsoft surface 4 keyboard not working,8100,0,LOW,informational
not working,spotify not working,8100,0,LOW,informational
not working,messenger in facebook not working,8100,0,LOW,informational
not working,ice dispenser not working samsung,8100,1.68,LOW,informational
not working,ice maker not working whirlpool,8100,2.25,LOW,informational
not working,notebook keyboard not working,8100,3.5,LOW,informational
not working,camera iphone not working,8100,0.02,LOW,informational
not working,one airpod not working,8100,0.05,LOW,informational
not working,why is fortnite not working,8100,0,LOW,informational
not working,logitech keyboard not working for ipad,8100,0,LOW,informational
not working,camera is not working on iphone,8100,0.02,LOW,informational
not working,remote on apple tv not working,8100,2.42,LOW,informational
not working,tv youtube not working,8100,5.48,LOW,informational
not working,why fortnite is not working,8100,0,LOW,informational
not working,whirlpool ice machine not working,8100,2.25,LOW,informational
not working,whirlpool fridge freezer ice maker not working,8100,2.25,LOW,informational
not working,apple tv 2 remote not working,8100,2.42,LOW,informational
not working,icemaker not working samsung,8100,1.68,LOW,informational
not working,why my hotspot is not working,8100,0.1,LOW,informational
not working,fb not working,8100,0,LOW,informational
not working,refrigerator ice maker not working whirlpool,8100,2.25,LOW,informational
not working,keyboard on surface pro 4 not working,8100,0,LOW,informational
not working,whirlpool fridge ice maker not working,8100,2.25,LOW,informational
not working,touchscreen on iphone not working,8100,0.38,LOW,informational
not working,remote not working apple tv,8100,2.42,LOW,informational
not working,laptop keyboard not working,8100,3.5,LOW,informational
not working,whirlpool icemaker not working,8100,2.25,LOW,informational
not working,logitech tablet keyboard for ipad not working,8100,0,LOW,informational
not working,facebook site not working,8100,0,LOW,informational
not working,apple tv and remote not working,8100,2.42,LOW,informational
not working,ice maker not working on samsung,8100,1.68,LOW,informational
not working,ice machine not working whirlpool,8100,2.25,LOW,informational
not working,volume not working on apple tv remote,8100,0.54,LOW,informational
not working,messenger on fb not working,8100,0,LOW,informational
not working,messenger not working in facebook,8100,0,LOW,informational
not working,touch not working on iphone,8100,0.38,LOW,informational
not working,apple remote control not working,8100,2.42,LOW,informational
not working,laptop keypad not working,8100,3.5,LOW,informational
not working,surface pro 4 keyboard not working,8100,0,LOW,informational
not working,facebook and messenger not working,8100,0,LOW,informational
not working,keyboards not working on laptop,8100,3.5,LOW,informational
not working,keyboard laptop not working,8100,3.5,LOW,informational
not working,keyboard not working laptop,8100,3.5,LOW,informational
not working,laptop not working keyboard,8100,3.5,LOW,informational
not working,samsung refrigerator ice machine not working,8100,1.68,LOW,informational
not working,siri is not working,8100,0.33,LOW,informational
not working,remote apple tv not working,8100,2.42,LOW,informational
not working,whirlpool refrigerator ice machine not working,8100,2.25,LOW,informational
not working,samsung fridge ice maker not working,8100,1.68,LOW,informational
not working,windows logo key not working,8100,2.11,LOW,informational
not working,ice maker whirlpool not working,8100,2.25,LOW,informational
not working,cameras not working on iphone,8100,0.02,LOW,informational
not working,windows keys not working,8100,2.11,LOW,informational
not working,logitech keyboard ipad not working,8100,0,LOW,informational
not working,iphone touch screen not working,8100,0.38,LOW,informational
not working,fb messenger not working,8100,0,LOW,informational
not working,apple tv remote control not working,8100,2.42,LOW,informational
not working,ice maker not working on whirlpool,8100,2.25,LOW,informational
not working,apple t v remote not working,8100,2.42,LOW,informational
not working,keyboard of laptop not working,8100,3.5,LOW,informational
not working,camera not working on iphone,8100,0.02,LOW,informational
not working,ice maker in whirlpool refrigerator not working,8100,2.25,LOW,informational
not working,windows key is not working,8100,2.11,LOW,informational
not working,facebook messenger not working,8100,0,LOW,informational
not working,why is my youtube not working,8100,0.7,LOW,informational
not working,ipad logitech keyboard not working,8100,0,LOW,informational
not working,spotify is not working,8100,0,LOW,informational
not working,keyboard of laptop is not working,8100,3.5,LOW,informational
not working,iphone touch not working,8100,0.38,LOW,informational
not working,ice maker not working on whirlpool refrigerator,8100,2.25,LOW,informational
not working,microsoft surface laptop keyboard not working,8100,0,LOW,informational
not working,whys fortnite not working,8100,0,LOW,informational
not working,not working ac,6600,29.72,MEDIUM,informational
not working,iphone charge port not working,6600,0.1,LOW,informational
not working,charger port iphone not working,6600,0.1,LOW,informational
not working,apple pay is not working,6600,4.01,LOW,informational
not working,venmo not working,6600,0,LOW,informational
not working,hey siri is not working,6600,0.32,LOW,informational
not working,not working air conditioner,6600,29.72,MEDIUM,informational
not working,air conditioner unit not working,6600,29.72,MEDIUM,informational
not working,air con not working,6600,29.72,MEDIUM,informational
not working,charge port on iphone not working,6600,0.1,LOW,informational
not working,air condition is not working,6600,29.72,MEDIUM,informational
not working,amazon is not working,6600,0,LOW,informational
not working,why is it not working,6600,0,LOW,informational
not working,snapchat not working,6600,0,LOW,informational
not working,charging port not working iphone,6600,0.1,LOW,informational
not working,chatgpt not working,6600,11.82,LOW,informational
not working,youtube application not working,6600,0,LOW,navigational
not working,iphone charging slot not working,6600,0.1,LOW,informational
not working,facial id not working on iphone,6600,0.34,LOW,informational
not working,charging port on iphone not working,6600,0.1,LOW,informational
not working,left airpod not working,6600,0.09,LOW,informational
not working,this is not working,6600,0.79,LOW,informational
not working,hey siri not working,6600,0.32,LOW,informational
not working,charger port on iphone not working,6600,0.1,LOW,informational
not working,apple pay not working,6600,4.01,LOW,informational
not working,air conditioner not working,6600,29.72,MEDIUM,informational
not working,ac units not working,6600,29.72,MEDIUM,informational
not working,charge port not working iphone,6600,0.1,LOW,informational
not working,youtube not working app,6600,0,LOW,informational
not working,not working netflix,6600,1.8,LOW,informational
not working,iphone charger slot not working,6600,0.1,LOW,informational
not working,iphone charging jack not working,6600,0.1,LOW,informational
not working,firestick is not working,6600,0.99,LOW,informational
not working,fire stick not working,6600,0.99,LOW,informational
not working,air conditioning not working,6600,29.72,MEDIUM,informational
not working,youtube app is not working,6600,0,LOW,informational
not working,air conditioning unit not working,6600,29.72,MEDIUM,informational
not working,a c is not working,6600,29.72,MEDIUM,informational
not working,charge port iphone not working,6600,0.1,LOW,informational
not working,ac is not working,6600,29.72,MEDIUM,informational
not working,air conditioning system not working,6600,29.72,MEDIUM,informational
not working,amazon not working,6600,0,LOW,informational
not working,air conditioner is not working,6600,29.72,MEDIUM,informational
not working,asus laptop power button not working,6600,0,LOW,informational
not working,air conditioners not working,6600,29.72,MEDIUM,informational
not working,a/c not working,6600,29.72,MEDIUM,informational
not working,fire stick is not working,6600,0.99,LOW,informational
not working,air conditioning is not working,6600,29.72,MEDIUM,informational
not working,netflix not working,6600,1.8,LOW,informational
not working,google messages not working,6600,2.28,LOW,informational
not working,ac not working,6600,29.72,MEDIUM,informational
not working,why my apple pay is not working,6600,3.82,LOW,informational
not working,snap not working,6600,0,LOW,informational
not working,ac system not working,6600,29.72,MEDIUM,informational
not working,charging port iphone not working,6600,0.1,LOW,informational
not working,a c unit not working,6600,29.72,MEDIUM,informational
not working,iphone charger jack not working,6600,0.1,LOW,informational
not working,why is my apple pay not working,6600,3.82,LOW,informational
not working,iphone charging port not working,6600,0.1,LOW,informational
not working,google messaging not working,6600,2.28,LOW,informational
not working,ac unit not working,6600,29.72,MEDIUM,informational
not working,charger port not working iphone,6600,0.1,LOW,informational
not working,face id not working on iphone,6600,0.34,LOW,informational
not working,iphone charger port not working,6600,0.1,LOW,informational
not working,face id not working iphone,6600,0.04,LOW,informational
not working,aircon not working,6600,29.72,MEDIUM,informational
not working,fire sticks not working,6600,0.99,LOW,informational
not working,firestick not working,6600,0.99,LOW,informational
not working,i phone charger port not working,6600,0.1,LOW,informational
not working,netflix is not working,6600,1.8,LOW,informational
not working,xfinity remote control not working,5400,3.24,LOW,informational
not working,frigidaire refrigerator ice machine not working,5400,1.6,LOW,informational
not working,right airpod not working,5400,0.05,LOW,informational
not working,samsung television remote not working,5400,2.39,MEDIUM,informational
not working,plunger not working clogged toilet,5400,6.23,HIGH,informational
not working,frigidaire ice maker not working,5400,1.6,LOW,informational
not working,comcast remotes not working,5400,3.24,LOW,informational
not working,why are my keyboard keys not working,5400,1.22,LOW,informational
not working,surface pro keyboard not working,5400,0,LOW,informational
not working,windows surface pro keyboard not working,5400,0,LOW,informational
not working,heater is not working in car,5400,4.1,LOW,informational
not working,car heaters not working,5400,4.1,LOW,informational
not working,car heating not working,5400,4.1,LOW,informational
not working,ice maker not working on frigidaire,5400,1.6,LOW,informational
not working,vehicle heat not working,5400,4.1,LOW,informational
not working,ipad touch screen is not working,5400,0.37,LOW,informational
not working,car heater is not working,5400,4.1,LOW,informational
not working,why amazon is not working,5400,0,LOW,informational
not working,airplay not working,5400,1.95,LOW,informational
not working,touch screen ipad not working,5400,0.37,LOW,informational
not working,touch screen not working on ipad,5400,0.37,LOW,informational
not working,heater not working in car,5400,4.1,LOW,informational
not working,why is my.keyboard not working,5400,1.22,LOW,informational
not working,why is my keyboard not working,5400,1.22,LOW,informational
not working,touchscreen ipad not working,5400,0.37,LOW,informational
not working,vehicle heater not working,5400,4.1,LOW,informational
not working,xfinity remotes not working,5400,3.24,LOW,informational
not working,stopped up toilet plunger not working,5400,6.23,HIGH,informational
not working,heater in the car not working,5400,4.1,LOW,informational
not working,how to lose weight by not working out,5400,5.53,HIGH,informational
not working,hey google not working,5400,0,LOW,informational
not working,cars heater not working,5400,4.1,LOW,informational
not working,remote not working samsung tv,5400,2.39,MEDIUM,informational
not working,heat is not working in car,5400,4.1,LOW,informational
not working,ipad screen touch screen not working,5400,0.37,LOW,informational
not working,does not working,5400,0,LOW,informational
not working,ig not working,5400,7.19,LOW,informational
not working,toilet is clogged plunger not working,5400,6.23,HIGH,informational
not working,car play not working,5400,1.01,LOW,informational
not working,ice machine not working on frigidaire,5400,1.6,LOW,informational
not working,samsung remote for tv not working,5400,2.39,MEDIUM,informational
not working,heater in car not working,5400,4.1,LOW,informational
not working,clogged toilet plunger not working,5400,6.23,HIGH,informational
not working,why is chatgpt not working,5400,9.97,LOW,informational
not working,right airpods not working,5400,0.05,LOW,informational
not working,touch screen on ipad is not working,5400,0.37,LOW,transactional
not working,remote control not working samsung tv,5400,2.39,MEDIUM,informational
not working,heater car not working,5400,4.1,LOW,informational
not working,why is my wifi not working,5400,10.28,LOW,informational
not working,ipad touch screen not working,5400,0.37,LOW,informational
not working,heaters not working in car,5400,4.1,LOW,informational
not working,instagram not working,5400,7.19,LOW,informational
not working,samsung tv remote is not working,5400,2.39,MEDIUM,informational
not working,samsung remote tv not working,5400,2.39,MEDIUM,informational
not working,toilet clogged plunger not working,5400,6.23,HIGH,informational
not working,samsung tv remote control not working,5400,2.39,MEDIUM,informational
not working,samsung remote not working tv,5400,2.39,MEDIUM,informational
not working,backlight macbook not working,5400,0,LOW,informational
not working,heating in car not working,5400,4.1,LOW,informational
not working,microsoft surface pro keyboard not working,5400,0,LOW,informational
not working,car heat not working,5400,4.1,LOW,informational
not working,frigidaire ice machine not working,5400,1.6,LOW,informational
not working,ice maker not working frigidaire,5400,1.6,LOW,informational
not working,airplay is not working,5400,1.95,LOW,informational
not working,car heat is not working,5400,4.1,LOW,informational
not working,frigidaire ice dispenser not working,5400,1.6,LOW,informational
not working,car heater not working,5400,4.1,LOW,informational
not working,samsung remote not working for tv,5400,2.39,MEDIUM,informational
not working,why is tiktok not working,5400,0,LOW,informational
not working,ice maker in frigidaire not working,5400,1.6,LOW,informational
not working,samsung tv not working with remote,5400,2.39,MEDIUM,informational
not working,remote not working on samsung tv,5400,2.39,MEDIUM,informational
not working,why netflix is not working,5400,0.45,LOW,informational
not working,frigidaire refrigerators ice maker not working,5400,1.6,LOW,informational
not working,heating not working in car,5400,4.1,LOW,informational
not working,heat not working in the car,5400,4.1,LOW,informational
not working,why my internet is not working,5400,7.33,LOW,informational
not working,cars heat not working,5400,4.1,LOW,informational
not working,frigidaire fridge ice maker not working,5400,1.6,LOW,informational
not working,surface pro keyboard is not working,5400,0,LOW,informational
not working,ipad touchscreen not working,5400,0.37,LOW,informational
not working,heater for car not working,5400,4.1,LOW,transactional
not working,heat not working in car,5400,4.1,LOW,informational
not working,spectrum not working,5400,11.98,LOW,informational
not working,samsung remote not working on tv,5400,2.39,MEDIUM,informational
not working,heats not working in car,5400,4.1,LOW,informational
not working,why is my computer keyboard not working,5400,1.22,LOW,informational
not working,why is netflix not working,5400,0.45,LOW,informational
not working,comcast remote control not working,5400,3.24,LOW,informational
not working,remote control samsung tv not working,5400,2.39,MEDIUM,informational
not working,do not working,5400,0,LOW,informational
not working,why my wireless internet is not working,5400,10.28,LOW,informational
not working,apple tv is not working,5400,0,LOW,informational
not working,instagram does not working,5400,7.19,LOW,informational
not working,toilet clogged and plunger not working,5400,6.23,HIGH,informational
not working,hulu not working,5400,2.31,LOW,informational
not working,heat in car not working,5400,4.1,LOW,informational
not working,heater not working car,5400,4.1,LOW,informational
not working,remote control for samsung tv not working,5400,2.39,MEDIUM,informational
not working,remote xfinity not working,5400,3.24,LOW,informational
not working,remote for samsung tv not working,5400,2.39,MEDIUM,informational
not working,why amazon not working,5400,0,LOW,informational
not working,samsung tv remote not working,5400,2.39,MEDIUM,informational
not working,samsung remote not working with tv,5400,2.39,MEDIUM,informational
not working,frigidaire refrigerator ice maker not working,5400,1.6,LOW,informational
not working,ice maker on frigidaire not working,5400,1.6,LOW,informational
not working,ice dispenser not working frigidaire,5400,1.6,LOW,informational
not working,samsung remote is not working,5400,2.54,MEDIUM,informational
not working,why is amazon not working,5400,0,LOW,informational
not working,apple tv not working on tv,5400,0,LOW,informational
not working,why my computer keyboard is not working,5400,1.22,LOW,informational
not working,ipad screen touch not working,5400,0.37,LOW,informational
not working,picture in picture not working,5400,0,LOW,informational
not working,remote control not working xfinity,5400,3.24,LOW,informational
not working,ice maker frigidaire not working,5400,1.6,LOW,informational
not working,ipad touch not working,5400,0.37,LOW,informational
not working,why is the netflix not working,5400,0.45,LOW,informational
not working,clogged toilet and plunger not working,5400,6.23,HIGH,informational
not working,apple tv not working,5400,0,LOW,informational
not working,hulu is not working,5400,2.31,LOW,informational
not working,macbook backlight not working,5400,0,LOW,informational
not working,heater on car not working,5400,4.1,LOW,informational
not working,why is my internet not working,5400,7.33,LOW,informational
not working,tv remote not working samsung,5400,2.39,MEDIUM,informational
not working,heat not working car,5400,4.1,LOW,informational
not working,remote control not working on samsung tv,5400,2.39,MEDIUM,informational
not working,plunger not working on clogged toilet,5400,6.23,HIGH,informational
not working,yahoo email is not working,4400,4.61,LOW,informational
not working,why is fb not working,4400,0,LOW,informational
not working,keyboard not working keys,4400,0.02,LOW,informational
not working,flashlight for iphone not working,4400,0,LOW,informational
not working,apps are not working,4400,6.31,LOW,informational
not working,some keyboard keys not working,4400,0.02,LOW,informational
not working,keyboard not working on macbook,4400,0.93,LOW,informational
not working,keys of keyboard not working,4400,0.02,LOW,informational
not working,yahoo email iphone not working,4400,0,LOW,informational
not working,yahoo mail for iphone not working,4400,0,LOW,navigational
not working,touchpad is not working,4400,0,LOW,informational
not working,lg television sound not working,4400,1.18,LOW,informational
not working,apple pencil not working,4400,0.19,LOW,informational
not working,why is disney plus not working,4400,0,LOW,informational
not working,lg tv sound not working,4400,1.18,LOW,informational
not working,verizon not working,4400,3.17,LOW,informational
not working,keyboard at key not working,4400,0.02,LOW,informational
not working,mac keyboard not working,4400,0.93,LOW,informational
not working,some keys on keyboard not working,4400,0.02,LOW,informational
not working,keyboard on mac not working,4400,0.93,LOW,informational
not working,button not working on keyboard,4400,0.02,LOW,informational
not working,why is my face id not working on my iphone,4400,0.41,LOW,informational
not working,maps google not working,4400,0,LOW,informational
not working,why is siri not working,4400,0.76,LOW,informational
not working,keyboard not working on mac,4400,0.93,LOW,informational
not working,yahoo mail not working iphone,4400,0,LOW,navigational
not working,fortnite game not working,4400,0,LOW,informational
not working,app is not working,4400,6.31,LOW,informational
not working,button not working keyboard,4400,0.02,LOW,informational
not working,trackpad not working,4400,0,LOW,informational
not working,why my snapchat not working,4400,0,LOW,informational
not working,why my cellular data is not working,4400,2.33,LOW,informational
not working,video not working on youtube,4400,0,LOW,informational
not working,why facebook not working,4400,0,LOW,informational
not working,applications not working,4400,6.31,LOW,informational
not working,iphone flashlight not working,4400,0,LOW,informational
not working,mouse keypad not working,4400,0,LOW,informational
not working,why my phone youtube is not working,4400,0,LOW,informational
not working,mac keyboard is not working,4400,0.93,LOW,informational
not working,visual voicemail is not working,4400,0,LOW,informational
not working,flash not working on iphone,4400,0,LOW,informational
not working,why fb not working,4400,0,LOW,informational
not working,apps not working,4400,6.31,LOW,informational
not working,that's not working,4400,0,LOW,informational
not working,letter not working on keyboard,4400,0.02,LOW,informational
not working,ac unit working but not cooling,4400,13.23,MEDIUM,informational
not working,keys on keyboard not working,4400,0.02,LOW,informational
not working,why siri not working,4400,0.76,LOW,informational
not working,facebook not working why,4400,0,LOW,informational
not working,mail yahoo not working,4400,4.61,LOW,informational
not working,visual voicemail not working,4400,0,LOW,informational
not working,why siri is not working,4400,0.76,LOW,informational
not working,keyboard keys are not working,4400,0.02,LOW,informational
not working,disney plus not working,4400,4.39,LOW,informational
not working,apple pen not working,4400,0.19,LOW,informational
not working,yahoo mail iphone not working,4400,0,LOW,informational
not working,built in mouse not working,4400,0,LOW,informational
not working,iphone flash not working,4400,0,LOW,informational
not working,yahoo mail on iphone not working,4400,0,LOW,informational
not working,why is youtube not working on my phone,4400,0,LOW,informational
not working,why is my apple pencil not working,4400,0.11,LOW,informational
not working,apple pencil is not working,4400,0.19,LOW,informational
not working,keyboard w key not working,4400,0.02,LOW,informational
not working,flashlight iphone not working,4400,0,LOW,informational
not working,yahoo email on iphone not working,4400,0,LOW,informational
not working,sound not working lg tv,4400,1.18,LOW,informational
not working,keyboard button not working,4400,0.02,LOW,informational
not working,why youtube is not working on my phone,4400,0,LOW,informational
not working,keyboard keys not working,4400,0.02,LOW,informational
not working,fortnite not working,4400,0,LOW,informational
not working,macbook keyboard is not working,4400,0.93,LOW,informational
not working,cursor pad not working,4400,0,LOW,informational
not working,keyboard buttons not working,4400,0.02,LOW,informational
not working,why is my youtube not working on my phone,4400,0,LOW,informational
not working,ac working but not cooling,4400,13.23,MEDIUM,informational
not working,is youtube not working,4400,2.54,LOW,informational
not working,chromebook keys not working,4400,0,LOW,informational
not working,flashlight not working on iphone,4400,0,LOW,informational
not working,touchpad not working,4400,0,LOW,informational
not working,yahoo mail is not working on iphone,4400,0,LOW,informational
not working,keys not working on keyboard,4400,0.02,LOW,informational
not working,why is tiktok not working today,4400,0,LOW,informational
not working,yahoo mail is not working,4400,4.61,LOW,informational
not working,screen mirroring not working,4400,2.49,LOW,informational
not working,why is google classroom not working,4400,0,LOW,informational
not working,apple music is not working,4400,0,LOW,informational
not working,key not working keyboard,4400,0.02,LOW,informational
not working,iphone torch not working,4400,0,LOW,informational
not working,why is my snapchat not working,4400,0,LOW,informational
not working,yahoo mail not working with iphone,4400,0,LOW,informational
not working,keyboard letter not working,4400,0.02,LOW,informational
not working,some keys not working on keyboard,4400,0.02,LOW,informational
not working,yahoo mail not working on iphone,4400,0,LOW,informational
not working,keyboard letters not working,4400,0.02,LOW,informational
not working,why my youtube is not working on my phone,4400,0,LOW,informational
not working,keyboard not working macbook,4400,0.93,LOW,informational
not working,wicked whims not working,4400,0,LOW,informational
not working,keypad keys not working,4400,0.02,LOW,informational
not working,keys keyboard not working,4400,0.02,LOW,informational
not working,key on keyboard not working,4400,0.02,LOW,informational
not working,wickedwhims not working,4400,0,LOW,informational
not working,why facebook is not working,4400,0,LOW,informational
not working,air conditioner working but not cooling,4400,13.23,MEDIUM,informational
not working,application is not working,4400,6.31,LOW,informational
not working,why my snap is not working,4400,0,LOW,informational
not working,google maps is not working,4400,0,LOW,informational
not working,why the facebook is not working,4400,0,LOW,informational
not working,keyboard mac not working,4400,0.93,LOW,informational
not working,chromebook key not working,4400,0,LOW,informational
not working,not working keyboard keys,4400,0.02,LOW,informational
not working,why fb is not working,4400,0,LOW,informational
not working,keypad letters not working,4400,0.02,LOW,informational
not working,button on keyboard not working,4400,0.02,LOW,informational
not working,computer keyboard keys not working,4400,0.02,LOW,informational
not working,why is my snap not working,4400,0,LOW,informational
not working,why my snapchat is not working,4400,0,LOW,informational
not working,letters not working on keyboard,4400,0.02,LOW,informational
not working,why is my cellular data not working,4400,2.33,LOW,informational
not working,yahoo mail not working,4400,4.61,LOW,informational
not working,ac is working but not cooling,4400,13.23,MEDIUM,informational
not working,verizon is not working,4400,3.17,LOW,informational
not working,why youtube is not working in my phone,4400,0,LOW,informational
not working,apple music not working,4400,0,LOW,informational
not working,why is facebook not working,4400,0,LOW,informational
not working,iphone yahoo mail not working,4400,0,LOW,informational
not working,fortnite ps4 not working,4400,0,LOW,informational
not working,screen mirror not working,4400,2.49,LOW,informational
not working,why is spotify not working,4400,0,LOW,informational
not working,why is canvas not working,4400,0,LOW,informational
not working,why spotify is not working,4400,0,LOW,informational
not working,google directions not working,4400,0,LOW,informational
not working,buttons not working on keyboard,4400,0.02,LOW,informational
not working,keyboard a key not working,4400,0.02,LOW,informational
not working,keyboard key is not working,4400,0.02,LOW,informational
not working,keys not working on chromebook,4400,0,LOW,informational
not working,whys facebook not working,4400,0,LOW,informational
not working,doordash not working,4400,1.86,LOW,informational
not working,keyboard on macbook not working,4400,0.93,LOW,informational
not working,key not working on keyboard,4400,0.02,LOW,informational
not working,keyboard key not working,4400,0.02,LOW,informational
not working,why youtube not working on my phone,4400,0,LOW,informational
not working,videos not working on youtube,4400,0,LOW,informational
not working,google maps not working,4400,0,LOW,informational
not working,flashlight #iphone not working,4400,0,LOW,informational
not working,sound not working on lg tv,4400,1.18,LOW,informational
not working,youtube is not working,4400,2.54,LOW,informational
not working,flashlight on iphone not working,4400,0,LOW,informational
not working,macbook keyboard not working,4400,0.93,LOW,informational
not working,keys on keyboard are not working,4400,0.02,LOW,informational
not working,why is canva not working,4400,0,LOW,informational
not working,fortnite is not working,4400,0,LOW,informational
not working,yahoo webmail not working,4400,4.61,LOW,informational
not working,letters keyboard not working,4400,0.02,LOW,informational
not working,macbook air keyboard not working,4400,0.93,LOW,informational
not working,vizio remote is not working,3600,2.66,LOW,informational
not working,honeywell thermostat is not working,3600,14.45,MEDIUM,informational
not working,dell laptop power button not working,3600,5.15,LOW,informational
not working,car air condition not working,3600,4.09,LOW,informational
not working,house heat not working,3600,0.97,MEDIUM,informational
not working,why my bluetooth is not working,3600,0.99,LOW,informational
not working,mic not working on iphone,3600,0.2,LOW,informational
not working,speakers in iphone not working,3600,2.43,LOW,informational
not working,heater in home not working,3600,0.97,MEDIUM,informational
not working,sounds not working on ipad,3600,1.06,LOW,informational
not working,iphone microphone not working,3600,0.2,LOW,informational
not working,facetime iphone not working,3600,0,LOW,informational
not working,thermostat not working honeywell,3600,14.45,MEDIUM,informational
not working,ac not working car,3600,4.09,LOW,informational
not working,viber is not working,3600,0,LOW,informational
not working,why my siri is not working,3600,0.02,LOW,informational
not working,keurig not working,3600,1.52,LOW,informational
not working,phone speaker not working iphone,3600,2.43,LOW,informational
not working,why hulu is not working,3600,1.99,LOW,informational
not working,car a/c not working,3600,4.09,LOW,informational
not working,iphone bluetooth is not working,3600,0.05,LOW,informational
not working,speaker in iphone not working,3600,2.43,LOW,informational
not working,my keyboard is not working,3600,11.28,LOW,informational
not working,mail is not working on iphone,3600,2.38,LOW,informational
not working,air conditioner not working in car,3600,4.09,LOW,informational
not working,canvas is not working,3600,0,LOW,informational
not working,a c not working in car,3600,4.09,LOW,informational
not working,keurig is not working,3600,1.52,LOW,informational
not working,auto ac not working,3600,4.09,LOW,informational
not working,honeywell thermostats not working,3600,14.45,MEDIUM,informational
not working,air conditioner is not working in car,3600,4.09,LOW,informational
not working,canva is not working,3600,0,LOW,informational
not working,heating not working in house,3600,0.97,MEDIUM,informational
not working,mouthpiece not working on iphone,3600,0.2,LOW,informational
not working,not working keurig,3600,1.52,LOW,informational
not working,x not working,3600,0,LOW,informational
not working,claude not working,3600,32.05,LOW,informational
not working,iphone not working bluetooth,3600,0.05,LOW,informational
not working,heater not working house,3600,0.97,MEDIUM,informational
not working,why verizon not working,3600,0,LOW,informational
not working,lenovo thinkpad keyboard not working,3600,0,LOW,informational
not working,heating in house not working,3600,0.97,MEDIUM,informational
not working,direct.tv remote not working,3600,2.7,LOW,navigational
not working,why is my microphone not working,3600,0.23,LOW,informational
not working,speaker not working iphone,3600,2.43,LOW,informational
not working,not working wifi,3600,5.72,LOW,informational
not working,outlet is not working,3600,4.23,LOW,informational
not working,sound not working on samsung tv,3600,0.28,LOW,informational
not working,cars ac not working,3600,4.09,LOW,informational
not working,mouse in laptop not working,3600,0.02,LOW,informational
not working,iphone to iphone bluetooth not working,3600,0.05,LOW,informational
not working,heat in home not working,3600,0.97,MEDIUM,informational
not working,speakerphone on iphone not working,3600,2.43,LOW,informational
not working,car ac not working,3600,4.09,LOW,informational
not working,why is verizon not working,3600,0,LOW,informational
not working,speaker not working on iphone,3600,2.43,LOW,informational
not working,car air conditioner not working,3600,4.09,LOW,informational
not working,speakers on iphone not working,3600,2.43,LOW,informational
not working,ipad sound not working,3600,1.06,LOW,informational
not working,why instagram not working,3600,0,LOW,informational
not working,iphone face id not working,3600,0.02,LOW,informational
not working,volume ipad not working,3600,1.06,LOW,informational
not working,computer sound not working,3600,1.96,LOW,informational
not working,ipad sound is not working,3600,1.06,LOW,informational
not working,mouse not working with laptop,3600,0.02,LOW,informational
not working,heater not working in home,3600,0.97,MEDIUM,informational
not working,remote control for directv not working,3600,2.7,LOW,informational
not working,canvas not working,3600,0,LOW,informational
not working,why my microphone not working,3600,0.23,LOW,informational
not working,air con car not working,3600,4.09,LOW,informational
not working,home heat not working,3600,0.97,MEDIUM,informational
not working,heater in house not working,3600,0.97,MEDIUM,informational
not working,why is my spotify not working,3600,0,LOW,informational
not working,my pc keyboard is not working,3600,11.28,LOW,informational
not working,heater not working home,3600,0.97,MEDIUM,informational
not working,dell power button not working laptop,3600,5.15,LOW,informational
not working,honeywell.thermostat not working,3600,14.45,MEDIUM,navigational
not working,mouse of laptop not working,3600,0.02,LOW,informational
not working,car air conditioning not working,3600,4.09,LOW,informational
not working,vizio remote control not working,3600,2.66,LOW,informational
not working,air conditioner in car not working,3600,4.09,LOW,informational
not working,iphone mouthpiece not working,3600,0.2,LOW,informational
not working,mic iphone not working,3600,0.2,LOW,informational
not working,directv remotes not working,3600,2.7,LOW,navigational
not working,bluetooth not working on iphone,3600,0.05,LOW,informational
not working,keyboard not working lenovo thinkpad,3600,0,LOW,informational
not working,house heater is not working,3600,0.97,MEDIUM,informational
not working,aircon in car not working,3600,4.09,LOW,informational
not working,air con not working car,3600,4.09,LOW,informational
not working,outlet not working,3600,4.23,LOW,informational
not working,viber not working,3600,0,LOW,informational
not working,aircon not working in car,3600,4.09,LOW,informational
not working,google lens not working,3600,0,LOW,informational
not working,mouse for laptop not working,3600,0.02,LOW,informational
not working,heater in the house not working,3600,0.97,MEDIUM,informational
not working,internet is not working,3600,8.68,LOW,informational
not working,house heater not working,3600,0.97,MEDIUM,informational
not working,car ac is not working,3600,4.09,LOW,informational
not working,why is youtube not working today,3600,0,LOW,informational
not working,sound not working on ipad,3600,1.06,LOW,informational
not working,why my microphone is not working,3600,0.23,LOW,informational
not working,volume not working on ipad,3600,1.06,LOW,informational
not working,auto air conditioner not working,3600,4.09,LOW,informational
not working,air conditioning not working car,3600,4.09,LOW,informational
not working,ac in car not working,3600,4.09,LOW,informational
not working,speakerphone for iphone not working,3600,2.43,LOW,informational
not working,heating not working at home,3600,0.97,MEDIUM,informational
not working,vizio control not working,3600,2.66,LOW,informational
not working,microphone not working on iphone,3600,0.2,LOW,informational
not working,ac of car not working,3600,4.09,LOW,informational
not working,air conditioning on car not working,3600,4.09,LOW,informational
not working,mail not working on iphone,3600,2.38,LOW,informational
not working,not working internet,3600,8.68,LOW,informational
not working,power button not working dell laptop,3600,5.15,LOW,informational
not working,car air con not working,3600,4.09,LOW,informational
not working,outlets not working,3600,4.23,LOW,informational
not working,power button dell laptop not working,3600,5.15,LOW,informational
not working,facetime on iphone not working,3600,0,LOW,informational
not working,air conditioning car not working,3600,4.09,LOW,informational
not working,a/c in car not working,3600,4.09,LOW,informational
not working,directv control not working,3600,2.7,LOW,informational
not working,directv controller not working,3600,2.7,LOW,informational
not working,speakers not working iphone,3600,2.43,LOW,informational
not working,keyboard not working on laptop,3600,5.57,LOW,informational
not working,outlets are not working,3600,4.23,LOW,informational
not working,notebook mouse not working,3600,0.02,LOW,informational
not working,heat in house not working,3600,0.97,MEDIUM,informational
not working,home heater not working,3600,0.97,MEDIUM,informational
not working,microphone is not working on iphone,3600,0.2,LOW,informational
not working,iphone emails not working,3600,2.38,LOW,informational
not working,why my mic not working,3600,0.23,LOW,informational
not working,why is peacock not working,3600,0,LOW,informational
not working,speakerphone not working on iphone,3600,2.43,LOW,informational
not working,mouse is not working in laptop,3600,0.02,LOW,informational
not working,why is my carplay not working,3600,0.09,LOW,informational
not working,facetime not working on iphone,3600,0,LOW,informational
not working,heaters not working in house,3600,0.97,MEDIUM,informational
not working,iphone mail not working,3600,2.38,LOW,informational
not working,computer mouse not working on laptop,3600,0.02,LOW,informational
not working,email on iphone not working,3600,2.38,LOW,informational
not working,sound not working on computer,3600,1.96,LOW,informational
not working,heater is not working in house,3600,0.97,MEDIUM,informational
not working,ipad volume not working,3600,1.06,LOW,informational
not working,auto a/c not working,3600,4.09,LOW,informational
not working,bluetooth not working iphone,3600,0.05,LOW,informational
not working,car air conditioner is not working,3600,4.09,LOW,informational
not working,bluetooth iphone not working,3600,0.05,LOW,informational
not working,iphone mic is not working,3600,0.2,LOW,informational
not working,iphone speaker phone not working,3600,2.43,LOW,informational
not working,thermostat honeywell not working,3600,14.45,MEDIUM,informational
not working,canva not working,3600,0,LOW,informational
not working,volume on iphone not working,3600,0.44,LOW,informational
not working,wifi on not working,3600,5.72,LOW,informational
not working,mouse on laptop is not working,3600,0.02,LOW,informational
not working,apple maps not working,3600,0,LOW,informational
not working,mouse not working laptop,3600,0.02,LOW,informational
not working,air con on car not working,3600,4.09,LOW,informational
not working,sound on ipad not working,3600,1.06,LOW,informational
not working,iphone mic not working,3600,0.2,LOW,informational
not working,heat not working in house,3600,0.97,MEDIUM,informational
not working,why is my bluetooth not working,3600,0.99,LOW,informational
not working,mail in iphone not working,3600,2.38,LOW,informational
not working,sound not working samsung tv,3600,0.28,LOW,informational
not working,iphone not working on speaker,3600,2.43,LOW,informational
not working,mouse laptop not working,3600,0.02,LOW,informational
not working,aircon car not working,3600,4.09,LOW,informational
not working,aircon not working car,3600,4.09,LOW,informational
not working,mic not working iphone,3600,0.2,LOW,informational
not working,dell laptop power on button not working,3600,5.15,LOW,informational
not working,air conditioning not working in car,3600,4.09,LOW,informational
not working,speaker iphone not working,3600,2.43,LOW,informational
not working,vizio controller not working,3600,2.66,LOW,informational
not working,my keyboard not working,3600,11.28,LOW,informational
not working,iphone volume not working,3600,0.44,LOW,informational
not working,vizio controls not working,3600,2.66,LOW,informational
not working,iphone volume is not working,3600,0.44,LOW,informational
not working,microphone iphone not working,3600,0.2,LOW,informational
not working,air con in car not working,3600,4.09,LOW,informational
not working,iphone bluetooth not working,3600,0.05,LOW,informational
not working,email iphone not working,3600,2.38,LOW,informational
not working,microphone on iphone not working,3600,0.2,LOW,transactional
not working,why hulu not working,3600,1.99,LOW,informational
not working,heats not working in house,3600,0.97,MEDIUM,informational
not working,heat not working in home,3600,0.97,MEDIUM,informational
not working,air conditioner car not working,3600,4.09,LOW,informational
not working,why is my tiktok not working,3600,6.63,LOW,informational
not working,not working on my keyboard,3600,11.28,LOW,informational
not working,why is verizon wireless not working,3600,0,LOW,informational
not working,facetime for iphone not working,3600,0,LOW,informational
not working,volume is not working on iphone,3600,0.44,LOW,informational
not working,why is my imessage not working,3600,0.45,LOW,informational
not working,ipad sounds not working,3600,1.06,LOW,informational
not working,honeywell thermostat not working,3600,14.45,MEDIUM,informational
not working,logitech keyboard is not working,3600,4.95,LOW,informational
not working,ipad audio not working,3600,1.06,LOW,informational
not working,why is hulu not working,3600,1.99,LOW,informational
not working,why is my apple carplay not working,3600,0.17,LOW,informational
not working,heat not working house,3600,0.97,MEDIUM,informational
not working,ac in the car not working,3600,4.09,LOW,informational
not working,laptop mouse not working,3600,0.02,LOW,informational
not working,a/c not working in car,3600,4.09,LOW,informational
not working,laptop power button not working dell,3600,5.15,LOW,informational
not working,mouse not working in laptop,3600,0.02,LOW,informational
not working,why youtube not working today,3600,0,LOW,informational
not working,air conditioning in car not working,3600,4.09,LOW,informational
not working,mouse not working on laptop,3600,0.02,LOW,informational
not working,directv remote control not working,3600,2.7,LOW,informational
not working,logitech keyboard not working,3600,4.95,LOW,informational
not working,apple maps is not working,3600,0,LOW,informational
not working,bluetooth on iphone not working,3600,0.05,LOW,informational
not working,mail on iphone not working,3600,2.38,LOW,informational
not working,iphone speaker not working,3600,2.43,LOW,informational
not working,speakers not working on iphone,3600,2.43,LOW,informational
not working,speaker is not working on iphone,3600,2.43,LOW,informational
not working,air conditioner not working car,3600,4.09,LOW,informational
not working,iphone loud speaker not working,3600,2.43,LOW,informational
not working,aircon on car not working,3600,4.09,LOW,informational
not working,heater not working in house,3600,0.97,MEDIUM,informational
not working,email is not working on iphone,3600,2.38,LOW,informational
not working,ac on car not working,3600,4.09,LOW,informational
not working,why is my siri not working,3600,0.02,LOW,informational
not working,keurig machine not working,3600,1.52,LOW,informational
not working,remote for directv not working,3600,2.7,LOW,informational
not working,emails on iphone not working,3600,2.38,LOW,informational
not working,email for iphone not working,3600,2.38,LOW,informational
not working,iphone phone speaker not working,3600,2.43,LOW,informational
not working,wifi not working,3600,5.72,LOW,informational
not working,heater at home not working,3600,0.97,MEDIUM,informational
not working,auto air conditioning not working,3600,4.09,LOW,informational
not working,iphone microphone is not working,3600,0.2,LOW,informational
not working,ac not working in car,3600,4.09,LOW,informational
not working,speaker on iphone not working,3600,2.43,LOW,informational
not working,air con not working in car,3600,4.09,LOW,informational
not working,mouse on laptop not working,3600,0.02,LOW,informational
not working,laptop computer mouse not working,3600,0.02,LOW,informational
not working,iphone speaker is not working,3600,2.43,LOW,informational
not working,speakerphone not working iphone,3600,2.43,LOW,informational
not working,ac car not working,3600,4.09,LOW,informational
not working,heat is not working in the house,3600,0.97,MEDIUM,informational
not working,power button on dell laptop not working,3600,5.15,LOW,informational
not working,facetime not working iphone,3600,0,LOW,informational
not working,air conditioner on car not working,3600,4.09,LOW,informational
not working,laptop mouse is not working,3600,0.02,LOW,informational
not working,why is my mic not working,3600,0.23,LOW,informational
not working,mic on iphone not working,3600,0.2,LOW,informational
not working,heat is not working in house,3600,0.97,MEDIUM,informational
not working,iphone loudspeaker not working,3600,2.43,LOW,informational
not working,directv tv remote not working,3600,2.7,LOW,informational
not working,wi fi not working,3600,5.72,LOW,informational
not working,ac is not working in car,3600,4.09,LOW,informational
not working,speaker of iphone not working,3600,2.43,LOW,informational
not working,volume not working on iphone,3600,0.44,LOW,informational
not working,car aircon not working,3600,4.09,LOW,informational
not working,phone speaker on iphone not working,3600,2.43,LOW,informational
not working,microphone not working iphone,3600,0.2,LOW,informational
not working,facetime #iphone not working,3600,0,LOW,navigational
not working,gasoline gauge not working,2900,0.21,LOW,informational
not working,garbage disposal is humming but not working,2900,2.48,MEDIUM,informational
not working,hp laptop wifi switch not working,2900,0,LOW,informational
not working,mic is not working,2900,2.62,LOW,informational
not working,iphone audio not working,2900,0.06,LOW,informational
not working,why is venmo not working,2900,0,LOW,informational
not working,sound not working for youtube,2900,0.26,LOW,informational
not working,ice maker on ge refrigerator not working,2900,4.15,LOW,informational
not working,gmail is not working,2900,3.59,LOW,informational
not working,i c e maker not working,2900,2.36,LOW,informational
not working,remote not working on vizio tv,2900,2.35,LOW,informational
not working,sound in laptop not working,2900,1.01,LOW,informational
not working,keyboard not working lenovo laptop,2900,0,LOW,informational
not working,gas needle not working,2900,0.21,LOW,informational
not working,remote not working for vizio tv,2900,2.35,LOW,informational
not working,laptop volume not working,2900,1.01,LOW,informational
not working,wifi button on hp laptop not working,2900,0,LOW,informational
not working,arrow keys are not working in excel,2900,0,LOW,informational
not working,keyboard is not working on hp laptop,2900,3.52,LOW,informational
not working,ice maker in ge refrigerator not working,2900,4.15,LOW,informational
not working,wifi button not working in hp laptop,2900,0,LOW,informational
not working,gas indicator not working,2900,0.21,LOW,informational
not working,why is my youtube not working on my tv,2900,2.23,LOW,informational
not working,fuel meter not working,2900,0.21,LOW,informational
not working,why my apple music not working,2900,0,LOW,informational
not working,why is my flash not working on my iphone,2900,0,LOW,informational
not working,keyboard for hp laptop not working,2900,3.52,LOW,informational
not working,arrow key not working excel,2900,0,LOW,informational
not working,excel keyboard arrows not working,2900,0,LOW,informational
not working,ice maker not working lg,2900,2.22,LOW,informational
not working,garburator humming but not working,2900,2.48,MEDIUM,informational
not working,why my camera is not working,2900,0.96,LOW,informational
not working,ge freezer ice maker not working,2900,4.15,LOW,informational
not working,cursor keys not working in excel,2900,0,LOW,informational
not working,why is my instagram not working,2900,6.75,LOW,informational
not working,garbage disposal humming but not working,2900,2.48,MEDIUM,informational
not working,keypad not working on hp laptop,2900,3.52,LOW,informational
not working,not working microphone,2900,2.62,LOW,transactional
not working,why is my iphone volume not working,2900,0,LOW,informational
not working,keyboard hp laptop not working,2900,3.52,LOW,informational
not working,hp keyboard laptop not working,2900,3.52,LOW,informational
not working,why my keyboard is not working laptop,2900,1.55,LOW,informational
not working,keyboard on hp laptop not working,2900,3.52,LOW,informational
not working,wifi button is not working on hp laptop,2900,0,LOW,informational
not working,lenovo touchpad not working,2900,8.97,LOW,informational
not working,arrow keys excel not working,2900,0,LOW,informational
not working,vizio remote not working tv,2900,2.35,LOW,informational
not working,display not working in mobile,2900,0,LOW,informational
not working,sound not working in youtube,2900,0.26,LOW,informational
not working,my face id is not working,2900,0.03,LOW,informational
not working,why is my camera not working,2900,0.96,LOW,informational
not working,hotspot iphone not working,2900,0.02,LOW,informational
not working,why the sound is not working on my iphone,2900,0,LOW,informational
not working,hotspot not working on iphone,2900,0.02,LOW,informational
not working,wifi call not working,2900,3.23,LOW,informational
not working,windows search bar not working,2900,0.07,LOW,informational
not working,sound laptop not working,2900,1.01,LOW,informational
not working,iphone sound not working,2900,0.06,LOW,informational
not working,why not working,2900,0,LOW,informational
not working,hot water heaters not working,2900,24.35,MEDIUM,transactional
not working,lenovo laptop keypad not working,2900,0,LOW,informational
not working,microphones not working,2900,2.62,LOW,informational
not working,laptop hp keyboard not working,2900,3.52,LOW,informational
not working,why is my iphone flashlight not working,2900,0,LOW,informational
not working,why is my back camera not working,2900,0,LOW,informational
not working,why is the volume on my iphone not working,2900,0,LOW,informational
not working,ge ice maker not working,2900,4.15,LOW,informational
not working,why is my camera not working on my iphone,2900,0,LOW,informational
not working,why is the sound not working on my iphone,2900,0,LOW,informational
not working,keyboard is not working in lenovo laptop,2900,0,LOW,informational
not working,why is my flash not working on iphone,2900,0,LOW,informational
not working,paramount plus not working,2900,0,LOW,informational
not working,fuel tank gauge not working,2900,0.21,LOW,informational
not working,windows button not working,2900,0,LOW,informational
not working,outlook not working,2900,1.13,LOW,informational
not working,is not working,2900,0,LOW,informational
not working,keyboard lenovo laptop not working,2900,0,LOW,informational
